date,chlorophyll
16/08/2002,2.123961342
22/08/2002,1.968743962
23/08/2002,2.176730687
25/08/2002,1.82345158
28/08/2002,2.353351507
08/09/2002,1.841347095
09/09/2002,0.420692374
10/09/2002,0.742202197
14/09/2002,0.580062964
15/09/2002,2.03029095
17/09/2002,1.60300647
19/09/2002,0.892428954
22/09/2002,2.914003216
23/09/2002,4.080062767
24/09/2002,3.289896798
25/09/2002,8.075645468
26/09/2002,0.338849886
29/09/2002,2.182251844
30/09/2002,0.273971904
01/10/2002,0.665739064
02/10/2002,0.454554183
03/10/2002,0.858151362
05/10/2002,0.19042394
07/10/2002,0.141397961
08/10/2002,0.600849855
09/10/2002,0.527452134
10/10/2002,0.743175508
11/10/2002,0.235961575
12/10/2002,0.758496689
14/10/2002,0.549845561
15/10/2002,0.92090185
16/10/2002,0.659456782
17/10/2002,0.891473058
18/10/2002,0.794893262
19/10/2002,1.183379595
21/10/2002,0.544097806
26/10/2002,1.244038946
28/10/2002,1.407756563
30/10/2002,1.635818482
31/10/2002,1.50633355
01/11/2002,1.425100851
02/11/2002,0.487962126
04/11/2002,0.779053895
08/11/2002,1.138866265
09/11/2002,1.456169005
10/11/2002,1.220064075
11/11/2002,1.111938768
15/11/2002,1.096936519
16/11/2002,1.483981005
18/11/2002,1.291641282
19/11/2002,1.100437627
20/11/2002,1.007208094
22/11/2002,1.118841599
24/11/2002,0.890675161
25/11/2002,1.013022483
01/12/2002,3.87935829
03/12/2002,1.097551178
04/12/2002,1.218952991
05/12/2002,1.291016766
06/12/2002,1.126921949
08/12/2002,1.075414826
10/12/2002,0.833477398
11/12/2002,1.174004978
15/12/2002,1.141579047
17/12/2002,1.023232996
18/12/2002,1.011637803
19/12/2002,1.011045395
20/12/2002,1.054425607
21/12/2002,0.911862105
22/12/2002,0.678374105
28/12/2002,1.093349224
29/12/2002,1.276817977
30/12/2002,1.01418418
31/12/2002,0.876587503
02/01/2003,0.78349282
03/01/2003,1.168781602
05/01/2003,0.903605923
09/01/2003,0.692878104
12/01/2003,0.917846941
13/01/2003,0.981039855
14/01/2003,0.888045887
15/01/2003,0.745130257
16/01/2003,0.80106602
18/01/2003,0.538402692
19/01/2003,0.513472186
20/01/2003,0.528628836
21/01/2003,0.594750428
23/01/2003,0.892797144
25/01/2003,0.702404953
28/01/2003,0.713469408
03/02/2003,0.613253671
04/02/2003,0.639664213
05/02/2003,0.296325895
08/02/2003,0.699046911
10/02/2003,0.850954842
12/02/2003,0.310869038
13/02/2003,0.2670426
14/02/2003,0.69026362
15/02/2003,0.73511743
16/02/2003,0.747505964
17/02/2003,0.798851018
19/02/2003,0.735783591
20/02/2003,0.409688137
21/02/2003,0.674315657
22/02/2003,0.797006938
23/02/2003,0.781775725
24/02/2003,0.70847684
26/02/2003,0.40960315
28/02/2003,0.386343043
01/03/2003,2.513640945
02/03/2003,0.904098304
03/03/2003,0.897215843
04/03/2003,0.812661195
05/03/2003,0.569835021
08/03/2003,0.732754866
10/03/2003,0.991023855
11/03/2003,0.642311878
12/03/2003,0.696565275
14/03/2003,1.903088813
16/03/2003,0.504202402
17/03/2003,0.646071948
18/03/2003,0.731005036
19/03/2003,0.887450775
20/03/2003,1.000860044
21/03/2003,0.964727637
25/03/2003,0.483920728
26/03/2003,0.380880368
27/03/2003,0.685659057
02/04/2003,1.298689913
03/04/2003,0.379255179
04/04/2003,0.737912526
05/04/2003,0.477947556
09/04/2003,0.525610818
12/04/2003,1.401062119
13/04/2003,0.662847497
19/04/2003,0.472265925
20/04/2003,0.451741621
21/04/2003,0.591511954
22/04/2003,0.497598549
25/04/2003,0.458587377
27/04/2003,0.478985447
29/04/2003,0.252251819
04/05/2003,0.491309329
05/05/2003,0.293282023
06/05/2003,0.358700067
07/05/2003,0.430360043
08/05/2003,0.552513097
13/05/2003,0.917381765
14/05/2003,0.322707076
15/05/2003,0.810922957
21/05/2003,0.822505343
24/05/2003,0.550607829
27/05/2003,0.793146265
29/05/2003,0.87619808
30/05/2003,0.474171521
31/05/2003,0.779632894
05/06/2003,0.512575459
06/06/2003,0.594496451
07/06/2003,0.74210578
09/06/2003,0.644155736
12/06/2003,0.371329797
14/06/2003,0.972097157
15/06/2003,0.742503398
16/06/2003,0.907371668
22/06/2003,0.45942679
23/06/2003,0.31686527
24/06/2003,0.370400067
29/06/2003,0.194992128
30/06/2003,0.770528697
01/07/2003,0.30665294
02/07/2003,0.44818039
07/07/2003,0.262068686
08/07/2003,0.221238443
09/07/2003,0.153494961
10/07/2003,0.17736306
11/07/2003,0.372216582
14/07/2003,0.372684191
15/07/2003,0.226085377
16/07/2003,0.465248831
20/07/2003,0.232227421
24/07/2003,0.419392379
25/07/2003,0.673959633
26/07/2003,0.154583532
27/07/2003,0.506017634
30/07/2003,0.159535492
31/07/2003,0.164932637
01/08/2003,0.58125902
03/08/2003,0.277346137
08/08/2003,0.748711399
09/08/2003,0.497290657
10/08/2003,0.707520836
11/08/2003,0.177739258
18/08/2003,0.304664296
19/08/2003,0.711241918
24/08/2003,0.185922488
26/08/2003,0.561633293
27/08/2003,0.166474843
28/08/2003,0.883146809
31/08/2003,0.203683903
03/09/2003,0.49091175
04/09/2003,0.635405411
09/09/2003,4.169300194
10/09/2003,2.562675023
11/09/2003,2.444950205
12/09/2003,6.666300458
13/09/2003,4.902428609
18/09/2003,7.163699931
19/09/2003,16.01782586
25/09/2003,1.996015484
26/09/2003,2.607911217
27/09/2003,4.558369394
29/09/2003,1.916665607
01/10/2003,0.988075243
02/10/2003,2.299851418
03/10/2003,0.807041065
04/10/2003,2.930750545
13/10/2003,1.343756212
14/10/2003,0.800916307
15/10/2003,2.002116123
17/10/2003,3.091235526
18/10/2003,2.593557886
19/10/2003,1.697838225
20/10/2003,1.246442451
21/10/2003,0.926188423
22/10/2003,1.208190336
27/10/2003,0.850755178
28/10/2003,1.125374529
29/10/2003,1.081314768
30/10/2003,1.070890947
31/10/2003,0.865943348
02/11/2003,0.891709378
03/11/2003,1.079482317
04/11/2003,0.943561388
05/11/2003,0.968684062
06/11/2003,0.385905872
07/11/2003,0.615115987
09/11/2003,0.839493176
11/11/2003,0.884462468
12/11/2003,0.90944279
13/11/2003,0.665269769
14/11/2003,0.778870592
16/11/2003,1.217185084
18/11/2003,0.83942827
20/11/2003,0.561562255
21/11/2003,0.60720594
22/11/2003,0.520972907
23/11/2003,0.538941493
25/11/2003,0.548687172
27/11/2003,0.79874569
28/11/2003,0.606648391
29/11/2003,0.444393795
30/11/2003,0.441015627
01/12/2003,0.372944166
02/12/2003,0.658331399
05/12/2003,0.23577298
06/12/2003,0.578873912
07/12/2003,0.701929415
09/12/2003,0.604455113
11/12/2003,0.666320461
13/12/2003,0.799303466
14/12/2003,0.922973557
16/12/2003,0.568121552
18/12/2003,1.15169295
20/12/2003,0.994494381
21/12/2003,1.094880465
22/12/2003,0.71028921
23/12/2003,0.699047285
25/12/2003,0.756571051
27/12/2003,0.776686357
29/12/2003,1.064146637
30/12/2003,0.696479937
03/01/2004,1.9861636
05/01/2004,2.1405277
08/01/2004,1.724425849
09/01/2004,3.030887925
10/01/2004,2.183629
16/01/2004,0.520217591
17/01/2004,1.534994468
18/01/2004,2.704111156
19/01/2004,1.806743241
21/01/2004,1.806005141
22/01/2004,2.547775377
25/01/2004,0.62388443
26/01/2004,1.821005922
30/01/2004,1.580528019
31/01/2004,2.391058217
01/02/2004,1.796605351
02/02/2004,1.939235385
04/02/2004,1.296257449
08/02/2004,1.607104032
09/02/2004,2.013444548
10/02/2004,0.796225122
11/02/2004,0.93980682
13/02/2004,1.19244014
15/02/2004,1.515033135
16/02/2004,1.616509121
17/02/2004,1.781425218
18/02/2004,1.883652333
19/02/2004,2.365325727
20/02/2004,1.587165486
22/02/2004,1.992761518
23/02/2004,1.822874445
24/02/2004,1.474074042
25/02/2004,1.772589522
26/02/2004,1.618416194
27/02/2004,1.333002907
29/02/2004,1.326566593
02/03/2004,1.480597394
03/03/2004,3.713092617
04/03/2004,2.804973237
05/03/2004,2.010303677
06/03/2004,2.766692241
07/03/2004,1.799684064
10/03/2004,2.103788162
11/03/2004,1.017388537
12/03/2004,1.701529824
13/03/2004,1.679299224
14/03/2004,1.22577776
19/03/2004,0.939978126
20/03/2004,0.413638322
21/03/2004,0.746157429
22/03/2004,0.408074452
23/03/2004,0.650871829
26/03/2004,1.497052687
27/03/2004,0.427195303
28/03/2004,0.733555334
29/03/2004,0.635687047
30/03/2004,0.752358117
04/04/2004,0.942895877
05/04/2004,0.971629405
06/04/2004,0.469934657
08/04/2004,0.684031118
11/04/2004,0.725594431
13/04/2004,0.233075498
14/04/2004,0.463010119
15/04/2004,0.607664902
20/04/2004,0.719548713
21/04/2004,0.541954368
22/04/2004,0.535767158
23/04/2004,0.417053493
24/04/2004,0.596518382
27/04/2004,0.679536809
29/04/2004,0.756299004
30/04/2004,0.736753359
01/05/2004,0.757715351
06/05/2004,0.783216948
08/05/2004,0.767226265
09/05/2004,0.756594298
10/05/2004,0.777956566
13/05/2004,0.68327142
15/05/2004,0.477847796
16/05/2004,0.60902217
17/05/2004,0.588337925
22/05/2004,0.398062935
23/05/2004,0.366331274
24/05/2004,0.702865051
25/05/2004,0.360054316
31/05/2004,0.98376589
01/06/2004,0.807747795
02/06/2004,0.972241018
07/06/2004,0.803396697
08/06/2004,0.393883992
09/06/2004,0.60424728
10/06/2004,0.341164334
11/06/2004,0.474406443
14/06/2004,0.366493455
15/06/2004,0.200025107
16/06/2004,0.410393132
17/06/2004,0.276095925
18/06/2004,0.342117497
23/06/2004,0.417774648
24/06/2004,0.415150283
25/06/2004,0.457959479
26/06/2004,0.454446138
27/06/2004,0.449162076
30/06/2004,0.380606118
01/07/2004,0.144047015
02/07/2004,0.236190211
03/07/2004,0.336124132
04/07/2004,0.368020215
09/07/2004,0.352511841
10/07/2004,0.358616115
11/07/2004,0.383383472
13/07/2004,0.4859038
18/07/2004,0.885204998
19/07/2004,1.308050178
20/07/2004,0.741654284
25/07/2004,1.729924558
26/07/2004,1.377958633
28/07/2004,2.369981539
29/07/2004,1.342197988
01/08/2004,3.634161617
02/08/2004,1.926536247
04/08/2004,4.15492821
05/08/2004,3.471820119
10/08/2004,5.041454137
12/08/2004,4.288837686
13/08/2004,19.70817009
14/08/2004,1.576389732
17/08/2004,3.248160927
19/08/2004,2.425311743
20/08/2004,1.095061245
21/08/2004,1.400002825
27/08/2004,1.574340643
30/08/2004,2.19365074
03/09/2004,0.549696624
04/09/2004,1.105909692
05/09/2004,4.089567126
06/09/2004,3.087799753
08/09/2004,1.020829301
11/09/2004,5.137549347
13/09/2004,3.170436059
14/09/2004,2.459642339
15/09/2004,2.277971499
19/09/2004,0.412959371
20/09/2004,1.024898608
21/09/2004,0.879462845
22/09/2004,3.06847175
24/09/2004,1.696503074
26/09/2004,0.165753528
27/09/2004,2.30610525
28/09/2004,2.03164507
29/09/2004,2.392852452
30/09/2004,2.10541311
01/10/2004,2.771676849
04/10/2004,2.692803785
05/10/2004,1.061653513
06/10/2004,1.49642005
07/10/2004,0.565036045
08/10/2004,1.720901235
10/10/2004,1.850401071
12/10/2004,2.259011888
13/10/2004,1.712284522
14/10/2004,1.201863812
15/10/2004,1.153099179
16/10/2004,3.236801608
17/10/2004,0.871230329
19/10/2004,0.84706179
20/10/2004,0.420331306
21/10/2004,0.141975885
22/10/2004,0.443453517
24/10/2004,0.625949022
26/10/2004,0.747961935
28/10/2004,1.024421369
29/10/2004,1.451568285
30/10/2004,0.38516561
31/10/2004,1.020147556
01/11/2004,1.795667116
02/11/2004,0.935454585
04/11/2004,2.483359059
05/11/2004,1.644819631
06/11/2004,0.903512054
07/11/2004,0.902994811
08/11/2004,0.824020786
09/11/2004,0.794859329
11/11/2004,0.811452531
13/11/2004,0.55831273
16/11/2004,0.151975782
17/11/2004,1.259212208
18/11/2004,0.557836773
20/11/2004,0.914194807
24/11/2004,0.794423419
25/11/2004,1.156310721
27/11/2004,0.669322305
29/11/2004,0.626310442
30/11/2004,0.952784334
01/12/2004,0.739609234
02/12/2004,1.01374143
07/12/2004,0.642225546
08/12/2004,1.065706122
09/12/2004,0.7706065
10/12/2004,0.764894336
11/12/2004,0.532985599
13/12/2004,0.534662638
15/12/2004,0.456845379
16/12/2004,0.530736535
17/12/2004,1.326139309
20/12/2004,0.31115777
24/12/2004,0.482801196
25/12/2004,0.925971864
26/12/2004,0.869333969
27/12/2004,0.85625237
29/12/2004,0.395405439
31/12/2004,0.421384277
01/01/2005,1.148685561
03/01/2005,0.684091471
04/01/2005,0.489803797
05/01/2005,0.641045989
07/01/2005,0.818462115
08/01/2005,0.936866195
09/01/2005,0.713691128
11/01/2005,0.614179577
12/01/2005,0.55393771
14/01/2005,0.869264335
16/01/2005,0.383935074
21/01/2005,0.767099745
24/01/2005,0.600906341
25/01/2005,0.564334714
27/01/2005,0.80698785
28/01/2005,0.860800891
30/01/2005,0.844438214
06/02/2005,1.039509282
09/02/2005,1.220051863
10/02/2005,0.816702078
13/02/2005,0.760909456
15/02/2005,0.767397753
17/02/2005,0.669588763
18/02/2005,0.315058461
19/02/2005,0.664775004
22/02/2005,0.37105453
24/02/2005,0.36201443
27/02/2005,0.715714978
01/03/2005,0.460478815
06/03/2005,0.687461489
07/03/2005,0.339208292
08/03/2005,0.497838177
09/03/2005,0.57511528
10/03/2005,0.622228373
14/03/2005,0.425514099
15/03/2005,0.216101215
16/03/2005,0.508209569
17/03/2005,0.621838173
19/03/2005,1.815043194
22/03/2005,0.576991034
23/03/2005,0.506667403
24/03/2005,0.337123176
25/03/2005,0.355330378
26/03/2005,0.324639534
31/03/2005,0.79482031
01/04/2005,1.013001923
02/04/2005,0.384499491
07/04/2005,0.631262781
09/04/2005,0.486116966
10/04/2005,0.409561752
14/04/2005,1.066692116
16/04/2005,0.962168423
18/04/2005,0.492554076
23/04/2005,0.643908653
24/04/2005,0.713820748
25/04/2005,0.720836523
26/04/2005,0.696322679
27/04/2005,0.229820408
30/04/2005,0.80824596
02/05/2005,0.661444368
03/05/2005,0.602370872
04/05/2005,0.535025598
09/05/2005,0.600679812
10/05/2005,0.505614408
11/05/2005,0.575419086
13/05/2005,0.319911559
16/05/2005,0.579431415
18/05/2005,0.554122951
20/05/2005,0.449254705
25/05/2005,0.297833472
27/05/2005,0.192358362
29/05/2005,0.541729635
01/06/2005,0.424426048
03/06/2005,1.00145127
04/06/2005,0.822535296
05/06/2005,0.797839357
10/06/2005,0.582253012
11/06/2005,0.537999042
12/06/2005,0.551356129
13/06/2005,0.589419144
14/06/2005,0.362161278
19/06/2005,0.242166785
21/06/2005,0.326245483
26/06/2005,0.504982064
27/06/2005,0.556015966
28/06/2005,0.613288299
29/06/2005,0.542107117
30/06/2005,0.685262711
03/07/2005,0.659596789
04/07/2005,0.221393753
05/07/2005,0.435980771
06/07/2005,0.330107314
12/07/2005,0.288692044
14/07/2005,0.174065896
16/07/2005,0.213476355
20/07/2005,0.18783119
21/07/2005,0.453172957
23/07/2005,0.146897896
28/07/2005,0.799133412
29/07/2005,0.837653389
30/07/2005,0.894717789
01/08/2005,0.610313269
04/08/2005,0.591998741
05/08/2005,0.186991837
06/08/2005,0.773938479
07/08/2005,0.36747873
08/08/2005,0.089247661
12/08/2005,0.106429843
13/08/2005,0.538177996
14/08/2005,0.428866275
15/08/2005,0.609810443
17/08/2005,0.810131565
20/08/2005,2.284228879
21/08/2005,0.19757125
22/08/2005,1.239854767
23/08/2005,1.345564859
30/08/2005,1.09735864
01/09/2005,4.107041438
02/09/2005,1.807132929
05/09/2005,3.53327538
07/09/2005,4.860426482
08/09/2005,5.350494644
09/09/2005,5.346192838
11/09/2005,2.676599502
14/09/2005,11.8797388
15/09/2005,2.63177283
18/09/2005,3.990375002
21/09/2005,5.205221416
22/09/2005,3.399169985
23/09/2005,3.354902368
25/09/2005,1.891536593
27/09/2005,2.601185794
01/10/2005,0.700069589
02/10/2005,1.629592857
09/10/2005,0.125766188
10/10/2005,0.24270195
11/10/2005,1.171985672
13/10/2005,2.045413687
15/10/2005,1.190476374
16/10/2005,3.277919671
17/10/2005,0.72957101
18/10/2005,2.393699066
19/10/2005,0.330436739
20/10/2005,1.133279959
22/10/2005,1.28841421
23/10/2005,1.285441725
24/10/2005,1.266003082
25/10/2005,0.9231171
26/10/2005,0.71833302
27/10/2005,1.047495424
29/10/2005,1.118120839
31/10/2005,1.159792917
01/11/2005,1.890052961
02/11/2005,1.028067972
03/11/2005,1.063056654
04/11/2005,1.410988165
05/11/2005,0.598367982
07/11/2005,0.725912091
08/11/2005,1.652430653
09/11/2005,0.570930837
10/11/2005,4.93390241
11/11/2005,0.553650369
12/11/2005,0.866368269
14/11/2005,0.671416552
16/11/2005,0.762188227
17/11/2005,0.741413885
18/11/2005,0.61194061
19/11/2005,1.435191565
21/11/2005,1.002103533
23/11/2005,0.763376141
25/11/2005,0.175060651
26/11/2005,0.680278983
27/11/2005,0.788265828
28/11/2005,0.807910385
30/11/2005,0.703410128
02/12/2005,0.580070311
03/12/2005,0.508765837
05/12/2005,0.810295001
07/12/2005,2.784820274
09/12/2005,1.445124935
10/12/2005,8.002617815
12/12/2005,2.078422919
13/12/2005,2.537623403
14/12/2005,1.362268987
18/12/2005,0.650190064
19/12/2005,1.337833116
20/12/2005,1.185292285
21/12/2005,1.320951918
22/12/2005,0.619468341
23/12/2005,1.193914355
25/12/2005,1.227193786
26/12/2005,1.749998322
27/12/2005,1.338762411
28/12/2005,1.648608893
29/12/2005,3.483866397
30/12/2005,1.766616784
02/02/2006,1.52010536
04/02/2006,1.51543531
05/02/2006,2.85106059
06/02/2006,0.965031635
07/02/2006,1.378916319
08/02/2006,1.016532774
09/02/2006,1.165325679
11/02/2006,1.459488486
12/02/2006,3.859625033
13/02/2006,0.743095667
14/02/2006,2.69448992
15/02/2006,2.177579963
16/02/2006,1.534409108
18/02/2006,2.050669868
20/02/2006,1.187510853
21/02/2006,2.747386618
22/02/2006,0.867296122
23/02/2006,0.717632428
24/02/2006,1.330414472
25/02/2006,1.112571136
28/02/2006,2.046358368
01/03/2006,1.30934339
02/03/2006,1.291861054
03/03/2006,0.437882597
04/03/2006,0.839330376
06/03/2006,0.972470526
10/03/2006,0.955751726
11/03/2006,0.781554914
13/03/2006,0.811123988
17/03/2006,0.391866304
18/03/2006,1.34273836
19/03/2006,0.664690647
20/03/2006,0.750019357
25/03/2006,0.801145811
26/03/2006,1.176881537
28/03/2006,0.238676526
29/03/2006,0.825272378
01/04/2006,0.801423127
03/04/2006,1.3617634
05/04/2006,1.062103645
10/04/2006,1.646063581
11/04/2006,0.333772908
12/04/2006,1.48130482
14/04/2006,1.393366619
17/04/2006,2.174606006
19/04/2006,1.38364968
20/04/2006,1.109620474
21/04/2006,1.305998426
26/04/2006,1.150870215
27/04/2006,0.731030432
28/04/2006,1.452575871
29/04/2006,2.07077999
30/04/2006,1.293462654
03/05/2006,1.20438886
05/05/2006,1.204917563
06/05/2006,0.787220599
07/05/2006,1.046743966
12/05/2006,0.891067097
13/05/2006,0.994256935
14/05/2006,1.833029919
15/05/2006,0.791217664
16/05/2006,1.488621307
19/05/2006,0.990018761
21/05/2006,0.827082806
22/05/2006,0.664272921
23/05/2006,0.892424575
28/05/2006,2.757313801
29/05/2006,1.065331085
30/05/2006,1.85354823
31/05/2006,1.085935129
01/06/2006,1.232992837
04/06/2006,0.587515061
06/06/2006,0.604416321
07/06/2006,0.406182041
08/06/2006,0.409731093
13/06/2006,0.374291631
14/06/2006,0.285300321
15/06/2006,0.478538707
16/06/2006,0.214802951
17/06/2006,0.296788117
20/06/2006,0.320419689
21/06/2006,0.299907823
22/06/2006,0.660502079
23/06/2006,0.222173844
24/06/2006,0.293578558
29/06/2006,0.490515649
30/06/2006,0.464368287
01/07/2006,0.428721147
02/07/2006,0.257617018
03/07/2006,0.339631551
06/07/2006,0.270737564
07/07/2006,0.143323806
08/07/2006,0.17297462
09/07/2006,0.450420923
10/07/2006,0.373414923
16/07/2006,0.626979698
17/07/2006,0.787639344
18/07/2006,0.372362808
19/07/2006,0.426230266
31/07/2006,0.676011298
01/08/2006,0.355914985
02/08/2006,0.162095721
04/08/2006,0.16890458
09/08/2006,0.252119771
10/08/2006,0.215217657
11/08/2006,1.204905787
16/08/2006,1.349345353
17/08/2006,1.859885487
18/08/2006,1.145137126
19/08/2006,0.20782079
20/08/2006,0.877421946
26/08/2006,2.195622991
27/08/2006,0.35440504
03/09/2006,0.547656874
04/09/2006,0.615361781
05/09/2006,1.292769572
08/09/2006,1.185227569
09/09/2006,0.198942168
10/09/2006,0.481927016
12/09/2006,1.946459717
18/09/2006,1.331704936
19/09/2006,0.995763597
21/09/2006,2.640607413
26/09/2006,0.627962008
27/09/2006,1.714698692
28/09/2006,1.684447727
30/09/2006,1.348686301
03/10/2006,1.057965989
04/10/2006,1.267021221
05/10/2006,1.422778135
06/10/2006,1.987733754
07/10/2006,1.03034376
09/10/2006,1.101480344
10/10/2006,0.565651905
11/10/2006,1.233015126
12/10/2006,0.265734852
14/10/2006,0.258425023
16/10/2006,0.898933147
18/10/2006,0.573532958
19/10/2006,0.501805484
21/10/2006,0.564171715
23/10/2006,0.518961373
25/10/2006,1.349264445
27/10/2006,0.339003737
28/10/2006,0.576517433
29/10/2006,0.665944898
30/10/2006,0.931750202
01/11/2006,0.538050865
03/11/2006,0.210343205
04/11/2006,0.203715272
05/11/2006,1.010805708
06/11/2006,0.331050512
07/11/2006,0.180346121
08/11/2006,0.538541339
10/11/2006,0.608322752
11/11/2006,0.18494784
14/11/2006,1.149361156
15/11/2006,0.780870132
17/11/2006,0.748084149
19/11/2006,0.730288443
20/11/2006,0.777841625
21/11/2006,0.978094615
22/11/2006,0.886437427
23/11/2006,0.977209137
24/11/2006,0.80374051
26/11/2006,0.64460985
28/11/2006,0.567029296
29/11/2006,0.582483289
01/12/2006,0.419080327
03/12/2006,0.62038945
05/12/2006,0.535474648
06/12/2006,0.55494714
08/12/2006,0.671239131
09/12/2006,0.490052422
10/12/2006,0.731803657
14/12/2006,0.743646467
15/12/2006,0.820224437
16/12/2006,0.70187463
17/12/2006,0.88080227
22/12/2006,1.176940213
23/12/2006,1.256028261
24/12/2006,1.252657132
25/12/2006,1.467120267
26/12/2006,1.226050151
28/12/2006,0.958842532
30/12/2006,1.535512249
31/12/2006,1.342850127
01/01/2007,1.260444636
02/01/2007,0.420318872
04/01/2007,0.962239701
06/01/2007,0.592029144
07/01/2007,0.861973934
09/01/2007,0.704040718
11/01/2007,0.50400516
13/01/2007,0.999430426
16/01/2007,1.49400051
17/01/2007,1.196684792
18/01/2007,1.068367057
24/01/2007,0.670229947
25/01/2007,1.143683913
27/01/2007,1.383417572
30/01/2007,1.319266202
31/01/2007,1.71376133
01/02/2007,4.996930097
03/02/2007,2.510960738
05/02/2007,2.832206483
07/02/2007,2.349516668
08/02/2007,1.131522316
09/02/2007,1.191711459
10/02/2007,1.107980421
11/02/2007,2.670173678
12/02/2007,1.260302958
14/02/2007,12.885424
15/02/2007,1.998831697
16/02/2007,4.0675356
17/02/2007,0.962673384
18/02/2007,0.455719814
19/02/2007,0.475683813
21/02/2007,0.845894802
23/02/2007,0.853726541
24/02/2007,0.776649229
25/02/2007,1.246528725
26/02/2007,0.799509774
27/02/2007,1.390356326
28/02/2007,1.114160041
03/03/2007,1.416044087
04/03/2007,1.203435067
05/03/2007,1.332886651
06/03/2007,0.397987221
07/03/2007,0.530387392
09/03/2007,0.93926123
11/03/2007,0.45569252
12/03/2007,0.487643487
13/03/2007,0.699899195
14/03/2007,0.685383245
15/03/2007,0.875435793
16/03/2007,0.671423205
19/03/2007,0.564901863
20/03/2007,0.485553072
21/03/2007,0.752961219
23/03/2007,0.606383368
28/03/2007,1.389314042
30/03/2007,0.480767064
31/03/2007,1.091631669
01/04/2007,0.383408385
04/04/2007,0.720020612
06/04/2007,0.37797388
07/04/2007,0.556824861
08/04/2007,0.782673377
13/04/2007,0.73644067
14/04/2007,0.417583479
20/04/2007,0.690881981
22/04/2007,0.911747346
23/04/2007,0.354950807
24/04/2007,0.940785782
29/04/2007,0.924248529
30/04/2007,0.743197162
01/05/2007,0.814484279
03/05/2007,0.531642461
06/05/2007,0.545232707
08/05/2007,0.558234324
09/05/2007,0.650953222
10/05/2007,0.753166338
15/05/2007,0.792320026
16/05/2007,0.495677196
17/05/2007,0.30064739
18/05/2007,0.698717323
19/05/2007,0.667526333
22/05/2007,0.731228213
24/05/2007,0.604761394
26/05/2007,1.181805656
01/06/2007,0.598882709
02/06/2007,1.576527912
04/06/2007,0.782736905
07/06/2007,1.230569701
09/06/2007,0.587033177
11/06/2007,1.013767352
16/06/2007,1.142535754
17/06/2007,0.312098482
18/06/2007,0.743203029
19/06/2007,0.619427581
20/06/2007,0.869604628
23/06/2007,2.317674078
25/06/2007,1.76904982
02/07/2007,0.841334866
03/07/2007,0.775464553
04/07/2007,0.890820635
05/07/2007,0.319809298
06/07/2007,0.607563021
09/07/2007,1.209682679
11/07/2007,0.827104054
12/07/2007,0.647836094
13/07/2007,0.980037304
20/07/2007,5.4063077
21/07/2007,0.97088838
22/07/2007,0.707341241
25/07/2007,0.214107413
26/07/2007,0.22968521
27/07/2007,0.653114146
28/07/2007,0.780712443
29/07/2007,1.396837397
03/08/2007,0.698347468
04/08/2007,2.32413601
05/08/2007,3.45657365
06/08/2007,1.866561329
07/08/2007,1.086868195
10/08/2007,4.199053041
12/08/2007,1.843956209
13/08/2007,1.07621866
14/08/2007,2.832803754
19/08/2007,2.538699851
20/08/2007,2.186378202
21/08/2007,3.242265906
22/08/2007,2.874487666
26/08/2007,0.758270634
30/08/2007,0.624738587
06/09/2007,1.36829135
11/09/2007,0.550302085
13/09/2007,1.397407783
14/09/2007,0.672708576
15/09/2007,1.482340947
17/09/2007,0.815762838
20/09/2007,0.209987337
21/09/2007,0.51015419
22/09/2007,0.764759603
23/09/2007,0.752826037
24/09/2007,0.782699224
27/09/2007,0.318399251
30/09/2007,0.441927392
01/10/2007,0.846779801
03/10/2007,0.606378583
06/10/2007,2.077646245
07/10/2007,1.545598377
08/10/2007,0.929236072
10/10/2007,0.721139214
12/10/2007,0.552661495
13/10/2007,0.415594273
14/10/2007,0.489209755
15/10/2007,0.41160526
16/10/2007,0.26003235
17/10/2007,0.511587859
19/10/2007,0.499280017
23/10/2007,0.70792426
24/10/2007,1.215610035
25/10/2007,1.296491016
26/10/2007,1.153790188
28/10/2007,1.163541712
29/10/2007,1.225456013
30/10/2007,1.087408446
31/10/2007,1.106819729
01/11/2007,1.018493395
02/11/2007,1.08035626
04/11/2007,0.83923204
06/11/2007,0.476200601
09/11/2007,1.012669231
10/11/2007,0.900366936
11/11/2007,0.772816552
13/11/2007,0.724270618
14/11/2007,0.310439891
15/11/2007,0.30810247
18/11/2007,0.898503119
20/11/2007,0.898072603
22/11/2007,0.803908753
23/11/2007,0.711282086
24/11/2007,1.302029486
25/11/2007,0.959453438
26/11/2007,1.143925773
27/11/2007,1.027610259
29/11/2007,0.61651758
01/12/2007,0.455590848
04/12/2007,1.058491597
06/12/2007,1.038668124
08/12/2007,1.046666938
09/12/2007,1.11998364
10/12/2007,0.942494638
11/12/2007,0.79880392
13/12/2007,1.552616974
15/12/2007,2.017395818
17/12/2007,1.934041619
18/12/2007,6.122015492
19/12/2007,9.878426667
20/12/2007,2.973820639
22/12/2007,2.587587657
24/12/2007,6.473461249
25/12/2007,2.071997986
26/12/2007,4.48003475
27/12/2007,14.52771037
29/12/2007,5.135373385
31/12/2007,9.416510686
01/01/2008,10.44869371
02/01/2008,9.860384825
03/01/2008,16.74764294
04/01/2008,10.89991561
05/01/2008,9.053753362
07/01/2008,6.387154069
09/01/2008,1.4259735
10/01/2008,3.274400138
11/01/2008,8.417371372
12/01/2008,7.254531122
13/01/2008,10.97750986
14/01/2008,4.231383016
17/01/2008,6.089553528
18/01/2008,2.611445482
19/01/2008,2.920159303
20/01/2008,4.201825088
21/01/2008,2.215426447
23/01/2008,1.936270176
25/01/2008,1.000014313
27/01/2008,0.474811608
28/01/2008,1.609221647
29/01/2008,3.116296331
30/01/2008,1.817712558
01/02/2008,1.865519374
02/02/2008,4.17992206
03/02/2008,1.556445046
04/02/2008,1.944540815
05/02/2008,2.088529077
06/02/2008,2.559245237
08/02/2008,1.940492629
10/02/2008,1.776657813
11/02/2008,5.486443109
13/02/2008,2.530596082
14/02/2008,4.078294055
15/02/2008,1.771398645
17/02/2008,3.443950567
18/02/2008,4.800005397
19/02/2008,2.019107098
20/02/2008,1.776692091
21/02/2008,2.728489102
22/02/2008,2.20090796
24/02/2008,1.734335858
26/02/2008,1.590429479
27/02/2008,1.086771981
28/02/2008,1.867598529
29/02/2008,1.570241594
01/03/2008,1.180137481
05/03/2008,1.745908308
06/03/2008,1.790611316
07/03/2008,2.01681218
08/03/2008,2.339875251
09/03/2008,2.06023481
11/03/2008,3.280508761
14/03/2008,2.438080189
15/03/2008,2.225531134
16/03/2008,2.641186841
17/03/2008,1.645162431
18/03/2008,2.606208429
21/03/2008,11.18222017
22/03/2008,5.276366259
23/03/2008,3.745224859
24/03/2008,2.987007246
25/03/2008,1.728018378
27/03/2008,4.374933633
30/03/2008,1.637154978
31/03/2008,1.508702181
01/04/2008,1.543428141
02/04/2008,1.525788834
03/04/2008,1.543994597
06/04/2008,2.301730294
08/04/2008,3.694690392
09/04/2008,5.140922635
10/04/2008,4.275161631
16/04/2008,4.21833517
17/04/2008,5.68592438
18/04/2008,6.893284419
19/04/2008,3.639278459
22/04/2008,6.844538657
24/04/2008,4.726161571
25/04/2008,4.926305332
26/04/2008,3.927155025
01/05/2008,5.429097757
02/05/2008,5.339087059
03/05/2008,5.087068227
04/05/2008,5.291819503
05/05/2008,3.317008229
08/05/2008,6.714659625
10/05/2008,4.456675127
12/05/2008,3.136817966
17/05/2008,7.216553829
18/05/2008,4.104926609
19/05/2008,5.176925653
20/05/2008,4.216463873
21/05/2008,3.23925603
24/05/2008,2.79529374
28/05/2008,1.912260908
02/06/2008,3.722197901
03/06/2008,0.785149517
06/06/2008,1.65672053
13/06/2008,2.395558729
18/06/2008,1.302528042
19/06/2008,0.729372676
20/06/2008,0.93486332
22/06/2008,0.493288481
25/06/2008,0.695418806
26/06/2008,0.469116194
27/06/2008,0.550833741
28/06/2008,0.348824357
29/06/2008,0.30383706
04/07/2008,2.646519987
05/07/2008,0.878226749
06/07/2008,0.194831804
13/07/2008,0.404598474
15/07/2008,1.442057096
20/07/2008,2.11345777
22/07/2008,0.12934494
23/07/2008,0.519175594
24/07/2008,0.732378118
27/07/2008,1.081637177
28/07/2008,0.304863496
29/07/2008,1.135894636
31/07/2008,1.02977036
05/08/2008,0.855004497
06/08/2008,0.392845751
08/08/2008,1.732798759
09/08/2008,0.686337055
12/08/2008,0.910686625
14/08/2008,1.846538449
15/08/2008,1.787588214
16/08/2008,1.082218702
18/08/2008,0.962123684
22/08/2008,3.313703901
24/08/2008,0.146284966
25/08/2008,0.421136085
28/08/2008,2.27988202
30/08/2008,0.1976071
31/08/2008,0.602037366
01/09/2008,1.740998947
03/09/2008,7.459366
06/09/2008,3.914394751
13/09/2008,0.522541006
16/09/2008,0.466630172
17/09/2008,2.001206237
19/09/2008,1.435912836
22/09/2008,1.256605791
23/09/2008,1.545244571
24/09/2008,0.21583721
29/09/2008,1.302303038
30/09/2008,0.983990724
01/10/2008,2.25969536
02/10/2008,2.427475102
03/10/2008,1.757276914
05/10/2008,1.433084612
10/10/2008,0.54251109
15/10/2008,1.028657709
16/10/2008,0.413008003
17/10/2008,1.105749284
18/10/2008,1.013889359
19/10/2008,1.118207928
21/10/2008,0.922741655
23/10/2008,0.636285691
25/10/2008,0.263069803
26/10/2008,1.09706277
27/10/2008,0.763026923
28/10/2008,1.05253469
31/10/2008,2.779797103
01/11/2008,0.590019313
02/11/2008,0.79297776
03/11/2008,0.555021021
04/11/2008,0.620925311
08/11/2008,0.783888042
09/11/2008,0.555774636
10/11/2008,0.270229838
11/11/2008,0.643119171
12/11/2008,0.709920268
13/11/2008,0.85282027
15/11/2008,0.755879331
16/11/2008,0.499741086
17/11/2008,0.660444663
18/11/2008,0.285363412
19/11/2008,0.677051306
20/11/2008,0.848156468
22/11/2008,0.384841025
24/11/2008,0.886579568
25/11/2008,0.23005881
26/11/2008,0.548384245
27/11/2008,1.038311161
28/11/2008,1.83542719
29/11/2008,8.964665667
01/12/2008,0.894462597
02/12/2008,3.32090697
03/12/2008,0.223029025
04/12/2008,1.179821048
05/12/2008,0.3414753
06/12/2008,5.115190271
08/12/2008,0.759634523
10/12/2008,0.85607936
11/12/2008,2.273350141
13/12/2008,0.824647476
14/12/2008,0.748440794
15/12/2008,0.809412435
17/12/2008,0.729809908
18/12/2008,0.770538026
19/12/2008,0.895230886
20/12/2008,4.797108611
21/12/2008,0.89540492
22/12/2008,0.838432583
24/12/2008,0.6676357
26/12/2008,0.846917025
27/12/2008,1.109928111
31/12/2008,2.385186105
02/01/2009,0.981964537
04/01/2009,0.653301584
05/01/2009,1.361575346
06/01/2009,1.05195892
07/01/2009,1.280762307
09/01/2009,1.394989862
12/01/2009,4.061149522
13/01/2009,0.388963115
14/01/2009,2.827545422
15/01/2009,4.513612145
16/01/2009,1.552604574
20/01/2009,1.081688322
21/01/2009,0.744755415
23/01/2009,1.390120183
25/01/2009,1.277879254
27/01/2009,0.896327646
28/01/2009,1.369615801
29/01/2009,1.109961508
30/01/2009,1.180189609
31/01/2009,1.385089358
01/02/2009,1.181702104
03/02/2009,1.277888264
04/02/2009,3.383617962
05/02/2009,1.099819097
06/02/2009,2.530986255
07/02/2009,1.443947678
08/02/2009,0.823120355
10/02/2009,0.788655461
12/02/2009,1.002927119
13/02/2009,1.208649844
14/02/2009,1.039098977
15/02/2009,1.272039919
16/02/2009,1.627289569
17/02/2009,1.257919123
19/02/2009,2.387013858
21/02/2009,1.663832377
22/02/2009,3.222821106
23/02/2009,1.441694547
24/02/2009,1.365040852
26/02/2009,1.269289969
28/02/2009,0.861220554
03/03/2009,1.460795255
05/03/2009,1.432612047
08/03/2009,1.392884298
09/03/2009,1.38153411
11/03/2009,0.485949549
12/03/2009,1.275799184
14/03/2009,0.753073934
17/03/2009,0.838535286
18/03/2009,1.328497871
19/03/2009,1.479527489
20/03/2009,1.218906826
21/03/2009,1.223557937
24/03/2009,0.93706909
25/03/2009,0.437651182
26/03/2009,1.055158088
28/03/2009,1.113213613
02/04/2009,1.264903478
03/04/2009,0.26721575
04/04/2009,0.703823284
05/04/2009,1.506061853
06/04/2009,0.398037582
09/04/2009,1.628178323
11/04/2009,0.268378756
12/04/2009,1.199195029
13/04/2009,1.199186446
18/04/2009,0.288109667
19/04/2009,0.803767259
20/04/2009,1.776258321
22/04/2009,1.356117558
25/04/2009,0.779708747
27/04/2009,1.859121086
28/04/2009,1.562367522
29/04/2009,2.585620386
04/05/2009,4.534036002
05/05/2009,0.59420459
06/05/2009,1.209966155
08/05/2009,0.895436458
11/05/2009,0.513071962
13/05/2009,1.287626142
14/05/2009,0.657750688
15/05/2009,0.82510614
20/05/2009,0.973377479
21/05/2009,0.674191448
22/05/2009,0.662732648
23/05/2009,0.553780746
24/05/2009,0.672899672
27/05/2009,0.417694244
29/05/2009,0.482619147
30/05/2009,0.444319488
31/05/2009,0.698867565
05/06/2009,1.104318786
06/06/2009,0.408145467
07/06/2009,1.054358905
14/06/2009,0.224055799
16/06/2009,0.59526932
21/06/2009,0.402723457
22/06/2009,1.462800205
25/06/2009,0.343528802
28/06/2009,0.26911067
30/06/2009,0.562565821
01/07/2009,0.549957614
02/07/2009,0.654001881
07/07/2009,0.625131896
08/07/2009,0.652344995
09/07/2009,0.926472491
10/07/2009,0.588284594
11/07/2009,0.398060555
15/07/2009,0.196598636
16/07/2009,0.617689294
17/07/2009,0.223099045
18/07/2009,0.396374087
24/07/2009,0.17744995
25/07/2009,0.387484391
26/07/2009,0.202351801
27/07/2009,0.35211937
30/07/2009,0.498791477
31/07/2009,0.13751168
01/08/2009,1.26426285
02/08/2009,0.381651792
03/08/2009,0.541754146
08/08/2009,0.211886748
09/08/2009,0.466665559
10/08/2009,0.552829481
12/08/2009,0.412744258
15/08/2009,0.169240356
16/08/2009,0.122321429
17/08/2009,0.600878563
18/08/2009,0.551453424
19/08/2009,0.161157907
24/08/2009,0.777980874
25/08/2009,0.269522343
26/08/2009,0.873926388
28/08/2009,0.933344565
02/09/2009,0.16557432
03/09/2009,0.171824201
04/09/2009,1.054498357
06/09/2009,3.921967024
09/09/2009,3.307799165
10/09/2009,0.152132354
11/09/2009,2.019753127
12/09/2009,0.753134118
13/09/2009,1.303375797
17/09/2009,0.113995574
19/09/2009,1.727069334
20/09/2009,2.156721551
22/09/2009,1.192297848
25/09/2009,0.156979157
26/09/2009,1.445639316
27/09/2009,1.083285975
29/09/2009,1.98122256
01/10/2009,0.778561964
02/10/2009,1.349130736
04/10/2009,2.389916142
05/10/2009,2.085862211
06/10/2009,2.655677341
10/10/2009,2.49454211
12/10/2009,1.044375038
13/10/2009,1.505325008
15/10/2009,2.015416562
17/10/2009,1.730179188
22/10/2009,1.28892238
24/10/2009,2.046879123
26/10/2009,1.811890467
27/10/2009,1.503920703
28/10/2009,1.476326929
29/10/2009,1.695274139
30/10/2009,1.46870822
31/10/2009,1.187700526
02/11/2009,1.19313154
03/11/2009,1.949784195
04/11/2009,1.076638165
05/11/2009,1.25079462
06/11/2009,1.050104323
07/11/2009,1.095850964
09/11/2009,0.907004989
11/11/2009,0.857093777
12/11/2009,1.117654668
13/11/2009,0.833266133
14/11/2009,1.129502477
15/11/2009,1.016352709
16/11/2009,0.774769175
18/11/2009,0.728145545
19/11/2009,0.596707459
20/11/2009,0.829541541
21/11/2009,0.265016025
22/11/2009,0.936928382
23/11/2009,0.811224792
28/11/2009,1.120133195
29/11/2009,0.850079697
01/12/2009,1.502555854
02/12/2009,0.2637827
04/12/2009,0.88857304
06/12/2009,0.163325862
08/12/2009,0.868678602
09/12/2009,1.158767581
11/12/2009,0.992516232
13/12/2009,0.908340292
14/12/2009,0.977496468
16/12/2009,0.920795538
17/12/2009,1.382353893
18/12/2009,0.977701951
20/12/2009,0.846765102
21/12/2009,1.295459422
22/12/2009,0.719377115
23/12/2009,0.246301385
24/12/2009,1.928252909
27/12/2009,0.956698638
29/12/2009,0.320111866
30/12/2009,1.080811313
01/01/2010,1.191530483
03/01/2010,1.097727773
08/01/2010,0.376261874
09/01/2010,0.847227635
12/01/2010,0.563091806
14/01/2010,0.490042943
15/01/2010,0.687916629
17/01/2010,0.949002132
18/01/2010,1.035782098
19/01/2010,0.716545986
21/01/2010,0.665643088
22/01/2010,0.639650378
23/01/2010,0.457800328
24/01/2010,1.033286845
25/01/2010,1.09530264
26/01/2010,1.030847733
28/01/2010,0.698860182
30/01/2010,0.970838688
31/01/2010,1.014648793
01/02/2010,0.986208202
04/02/2010,0.86911362
06/02/2010,1.079407876
07/02/2010,1.060194479
09/02/2010,0.246895371
13/02/2010,0.562349346
15/02/2010,1.145619549
19/02/2010,1.415413938
20/02/2010,0.957539166
22/02/2010,1.380978683
23/02/2010,1.131957285
24/02/2010,1.388045146
25/02/2010,1.438095594
26/02/2010,1.292001524
27/02/2010,1.141022408
01/03/2010,1.036781337
03/03/2010,1.205269764
04/03/2010,1.292737225
08/03/2010,0.518590672
12/03/2010,1.16961562
13/03/2010,1.189971553
17/03/2010,0.94647167
20/03/2010,0.649669196
21/03/2010,0.744207841
22/03/2010,0.732988445
23/03/2010,0.57294215
24/03/2010,0.660186565
27/03/2010,0.603692326
29/03/2010,0.622094575
30/03/2010,0.475034706
31/03/2010,0.507760917
05/04/2010,0.773651273
06/04/2010,0.324160443
07/04/2010,0.698263501
08/04/2010,0.622436685
12/04/2010,0.522605948
14/04/2010,0.568543433
15/04/2010,0.552081458
16/04/2010,0.583598117
23/04/2010,0.425135801
24/04/2010,0.522386181
25/04/2010,0.666291346
28/04/2010,0.564990305
30/04/2010,0.647267869
01/05/2010,0.307971404
02/05/2010,0.754788594
07/05/2010,1.247706495
08/05/2010,0.411699335
09/05/2010,0.749113488
10/05/2010,0.626714692
11/05/2010,0.572480306
14/05/2010,0.740253938
16/05/2010,0.722063194
18/05/2010,0.268312927
23/05/2010,0.573892984
24/05/2010,0.651700208
25/05/2010,0.691638169
26/05/2010,0.773324361
27/05/2010,0.714132747
30/05/2010,0.62349195
01/06/2010,0.25998689
02/06/2010,0.556506635
03/06/2010,0.6460414
08/06/2010,0.419845477
09/06/2010,0.705641761
10/06/2010,0.723161362
11/06/2010,0.674454753
12/06/2010,0.689300957
15/06/2010,0.54221423
17/06/2010,0.370158345
18/06/2010,0.23209402
19/06/2010,0.485590257
24/06/2010,0.62475868
25/06/2010,0.393829386
26/06/2010,0.636710734
27/06/2010,0.432143355
28/06/2010,0.549873495
03/07/2010,0.189145005
05/07/2010,0.146987695
10/07/2010,0.140997021
11/07/2010,0.522135668
12/07/2010,0.669284935
14/07/2010,0.839047892
17/07/2010,0.764279277
19/07/2010,1.01540421
21/07/2010,0.820402495
26/07/2010,0.329573055
27/07/2010,0.638671376
28/07/2010,0.324188285
30/07/2010,1.598759154
02/08/2010,2.21810234
03/08/2010,0.417375293
04/08/2010,2.206524706
05/08/2010,0.901023285
06/08/2010,1.052483956
11/08/2010,2.130186154
12/08/2010,1.748122086
13/08/2010,2.008174097
20/08/2010,1.352778822
21/08/2010,0.47387801
22/08/2010,1.001198849
28/08/2010,1.92400727
29/08/2010,1.016153274
03/09/2010,0.840189835
05/09/2010,3.11808504
09/09/2010,1.674910368
12/09/2010,3.327153484
14/09/2010,1.844219225
15/09/2010,0.845306368
16/09/2010,1.204241642
23/09/2010,0.93213214
25/09/2010,1.940916591
28/09/2010,1.318724114
29/09/2010,4.431933129
30/09/2010,2.04730099
01/10/2010,2.74396581
02/10/2010,2.045937379
04/10/2010,2.443537733
05/10/2010,1.841489602
07/10/2010,1.027403906
08/10/2010,0.675379043
09/10/2010,0.945627805
11/10/2010,0.863326865
13/10/2010,0.998222447
15/10/2010,0.527652971
16/10/2010,1.038534408
17/10/2010,1.132622356
18/10/2010,0.992517466
20/10/2010,0.770269753
21/10/2010,1.121913278
22/10/2010,0.773965292
23/10/2010,0.894838914
24/10/2010,0.936673599
25/10/2010,0.944599008
27/10/2010,0.790045512
29/10/2010,1.013328485
30/10/2010,1.057824717
31/10/2010,1.019584745
01/11/2010,0.891369617
02/11/2010,0.902079285
03/11/2010,1.055151953
05/11/2010,1.089254538
06/11/2010,4.704058274
07/11/2010,1.070561112
08/11/2010,0.745491973
09/11/2010,0.874996674
10/11/2010,0.984603044
12/11/2010,0.918489332
14/11/2010,0.960447425
15/11/2010,1.213733338
16/11/2010,1.154457617
17/11/2010,1.488245492
18/11/2010,2.002918839
19/11/2010,1.09252766
21/11/2010,0.946348912
22/11/2010,1.009843398
23/11/2010,0.790768348
24/11/2010,0.905795646
25/11/2010,0.329892372
26/11/2010,1.177024154
28/11/2010,0.720693616
30/11/2010,0.922316333
01/12/2010,1.35675379
02/12/2010,0.902540752
03/12/2010,1.123129388
04/12/2010,12.08883087
05/12/2010,1.539659028
07/12/2010,0.818576675
08/12/2010,2.323213546
09/12/2010,1.479394678
10/12/2010,3.119580942
11/12/2010,6.183015246
12/12/2010,1.669851404
14/12/2010,1.947813317
16/12/2010,1.126024478
17/12/2010,3.8141574
18/12/2010,3.312641225
19/12/2010,0.982005436
21/12/2010,3.184986942
23/12/2010,2.014950414
24/12/2010,1.413467047
25/12/2010,2.550206175
26/12/2010,12.47666601
27/12/2010,1.6192211
28/12/2010,2.918230408
30/12/2010,2.028398868
01/01/2011,2.37930414
02/01/2011,3.421588498
03/01/2011,1.207067132
04/01/2011,4.071937904
05/01/2011,2.063879643
06/01/2011,1.2352164
08/01/2011,1.549968182
09/01/2011,3.84261155
10/01/2011,1.994582569
11/01/2011,3.32309751
13/01/2011,5.834523043
15/01/2011,2.772554991
17/01/2011,2.579722194
18/01/2011,5.46864607
19/01/2011,4.269404296
20/01/2011,2.650152444
21/01/2011,16.44174215
22/01/2011,2.837291729
24/01/2011,2.338112386
25/01/2011,5.198636776
26/01/2011,3.352093662
27/01/2011,3.154306643
29/01/2011,1.658935678
31/01/2011,4.882402546
02/02/2011,3.734772535
03/02/2011,28.14070992
04/02/2011,4.039264337
05/02/2011,5.172906218
06/02/2011,9.307658742
07/02/2011,8.036253841
09/02/2011,5.689451045
10/02/2011,3.345091817
11/02/2011,3.43622399
12/02/2011,3.431339944
13/02/2011,3.84566762
14/02/2011,2.590809492
16/02/2011,2.305842332
18/02/2011,0.448117721
19/02/2011,4.985502418
20/02/2011,1.712659282
21/02/2011,3.088098914
22/02/2011,3.671923114
23/02/2011,2.935887006
25/02/2011,4.905712469
26/02/2011,12.42304574
27/02/2011,2.417406537
28/02/2011,3.332640936
01/03/2011,2.240747543
02/03/2011,3.832455726
04/03/2011,2.944483083
06/03/2011,1.054196967
07/03/2011,2.455495984
08/03/2011,2.047099591
09/03/2011,1.855928329
10/03/2011,3.192002857
11/03/2011,2.595389615
14/03/2011,2.038481593
15/03/2011,0.556217314
16/03/2011,2.795961773
18/03/2011,2.281052626
20/03/2011,3.398782567
23/03/2011,3.140076845
24/03/2011,2.25535956
25/03/2011,2.035154572
27/03/2011,1.514009234
30/03/2011,3.85868125
01/04/2011,3.834748948
02/04/2011,3.382761465
03/04/2011,2.481962929
08/04/2011,4.785327264
09/04/2011,0.60032252
10/04/2011,1.477789863
11/04/2011,3.818336302
12/04/2011,1.006556978
16/04/2011,1.138954519
17/04/2011,1.893662738
18/04/2011,1.692558549
19/04/2011,1.766146024
24/04/2011,3.476882455
26/04/2011,2.702066045
27/04/2011,2.782236204
28/04/2011,2.537836222
01/05/2011,10.26671221
11/05/2011,2.023445202
12/05/2011,2.221179861
13/05/2011,2.442391304
14/05/2011,1.896681904
17/05/2011,1.232059193
18/05/2011,0.869473643
19/05/2011,1.167235069
20/05/2011,1.170794502
21/05/2011,1.071563352
28/05/2011,0.654656465
30/05/2011,0.994479985
04/06/2011,0.708861019
06/06/2011,0.446940793
13/06/2011,1.027442126
15/06/2011,0.999223152
18/06/2011,0.362853512
22/06/2011,1.058938768
27/06/2011,1.319232114
28/06/2011,1.500650131
01/07/2011,0.319393725
06/07/2011,1.227944413
13/07/2011,0.208359854
14/07/2011,0.31485545
15/07/2011,1.124475774
16/07/2011,0.471713276
17/07/2011,0.520941599
20/07/2011,1.337641549
22/07/2011,1.304182115
23/07/2011,0.729580531
24/07/2011,0.702240738
31/07/2011,1.363088271
01/08/2011,0.855987898
02/08/2011,0.822628272
05/08/2011,1.023483844
07/08/2011,1.809825442
08/08/2011,2.752237147
09/08/2011,0.818925069
14/08/2011,2.327018243
15/08/2011,0.622746067
17/08/2011,0.978163492
18/08/2011,1.106567263
22/08/2011,0.190927617
25/08/2011,1.469959062
30/08/2011,0.457586117
31/08/2011,0.254814826
08/09/2011,1.296451585
10/09/2011,1.876569187
15/09/2011,0.909556257
17/09/2011,1.645644543
18/09/2011,0.569593328
19/09/2011,0.951999698
22/09/2011,0.412553761
24/09/2011,1.04633691
26/09/2011,0.232316019
28/09/2011,0.663354496
01/10/2011,0.51389711
02/10/2011,0.383397645
03/10/2011,0.532145325
04/10/2011,0.242471673
05/10/2011,0.983796125
07/10/2011,0.635263285
08/10/2011,0.428613614
14/10/2011,0.777670247
16/10/2011,0.658352212
17/10/2011,1.048309116
18/10/2011,0.917886928
19/10/2011,1.499063351
21/10/2011,0.234875481
23/10/2011,1.684166635
24/10/2011,3.512871105
25/10/2011,1.01519246
26/10/2011,0.34256084
27/10/2011,1.042840946
28/10/2011,1.266722052
30/10/2011,1.268040749
01/11/2011,0.729116794
02/11/2011,1.502994426
03/11/2011,0.668772767
04/11/2011,1.253015206
08/11/2011,1.475022256
09/11/2011,2.721242843
10/11/2011,0.682070101
11/11/2011,0.309163319
12/11/2011,0.564464723
13/11/2011,0.708745041
15/11/2011,0.814226428
17/11/2011,0.978716327
18/11/2011,0.931028381
19/11/2011,0.958422212
20/11/2011,1.379297307
22/11/2011,1.240258577
24/11/2011,0.947608946
25/11/2011,0.343154441
26/11/2011,1.805853471
27/11/2011,3.65408912
28/11/2011,5.553828524
29/11/2011,1.993747046
01/12/2011,1.423247167
03/12/2011,1.039954716
04/12/2011,0.902874505
05/12/2011,1.500689394
06/12/2011,1.073995246
07/12/2011,14.80771055
08/12/2011,1.117402459
10/12/2011,1.103903528
11/12/2011,10.5776957
12/12/2011,1.224090321
13/12/2011,0.397618165
14/12/2011,1.628689227
15/12/2011,1.040805583
17/12/2011,1.560011253
19/12/2011,3.294609684
20/12/2011,6.823666489
21/12/2011,2.116302563
22/12/2011,1.19105311
24/12/2011,6.356887044
26/12/2011,24.22176314
28/12/2011,2.705931714
29/12/2011,3.77014755
30/12/2011,8.368125904
31/12/2011,2.538722293
02/01/2012,3.398443045
04/01/2012,2.053752265
05/01/2012,5.191544269
06/01/2012,1.083845656
07/01/2012,1.345555404
11/01/2012,2.469337324
13/01/2012,1.486323359
14/01/2012,1.5635635
15/01/2012,2.476305853
16/01/2012,3.736505616
21/01/2012,1.395516549
22/01/2012,1.266154691
23/01/2012,0.59603881
24/01/2012,1.83154685
25/01/2012,1.286582006
27/01/2012,1.488766355
28/01/2012,1.729937748
29/01/2012,0.217701372
30/01/2012,2.503406878
01/02/2012,1.955777037
03/02/2012,1.349207831
05/02/2012,1.608196411
07/02/2012,0.810218467
08/02/2012,0.607642042
09/02/2012,2.456690193
12/02/2012,2.195073421
13/02/2012,2.206037146
21/02/2012,2.099206635
24/02/2012,2.633058939
25/02/2012,5.34604833
26/02/2012,2.139591566
01/03/2012,6.21354011
02/03/2012,2.176226901
03/03/2012,2.938205761
04/03/2012,2.51729539
06/03/2012,8.903670752
09/03/2012,3.74815008
10/03/2012,3.143243903
11/03/2012,2.689360874
12/03/2012,3.414208474
13/03/2012,2.412875252
19/03/2012,2.02819606
20/03/2012,2.50978494
22/03/2012,5.890763488
25/03/2012,5.084265613
26/03/2012,3.586284753
27/03/2012,3.264760772
28/03/2012,2.604535938
29/03/2012,2.773544543
01/04/2012,3.392134118
03/04/2012,2.245699254
04/04/2012,2.738108561
10/04/2012,1.489468966
11/04/2012,0.988556271
12/04/2012,1.184213842
13/04/2012,1.485724283
14/04/2012,1.243303846
17/04/2012,2.484208638
19/04/2012,1.495998666
20/04/2012,1.99408744
21/04/2012,1.821562829
26/04/2012,2.182139817
27/04/2012,2.024224608
28/04/2012,1.183735396
30/04/2012,1.186166294
05/05/2012,2.905593366
07/05/2012,2.577688181
12/05/2012,2.601412427
13/05/2012,0.964237805
16/05/2012,1.871460651
19/05/2012,2.450950708
21/05/2012,1.609841565
22/05/2012,1.499444877
23/05/2012,1.784225042
28/05/2012,2.229177277
29/05/2012,0.768272277
30/05/2012,1.51699705
31/05/2012,0.99304462
01/06/2012,0.83185937
04/06/2012,0.642239945
05/06/2012,0.39698547
06/06/2012,0.383690471
07/06/2012,0.338874661
08/06/2012,0.927787522
13/06/2012,0.62199702
14/06/2012,0.53759617
15/06/2012,0.836728809
17/06/2012,0.409981453
20/06/2012,0.507274827
22/06/2012,0.762305363
23/06/2012,0.593296437
29/06/2012,0.937702008
30/06/2012,0.251315621
01/07/2012,0.720390905
02/07/2012,0.595718357
03/07/2012,0.831054234
06/07/2012,0.820044811
08/07/2012,0.987025973
09/07/2012,0.855998741
10/07/2012,0.794575265
16/07/2012,0.400899349
17/07/2012,0.595431019
18/07/2012,0.950103779
19/07/2012,0.359256396
22/07/2012,0.220594793
23/07/2012,0.116283911
24/07/2012,0.57451784
25/07/2012,0.362937106
26/07/2012,0.596132675
31/07/2012,0.514501075
01/08/2012,0.125268091
02/08/2012,2.052854707
04/08/2012,0.686657747
09/08/2012,1.771111391
10/08/2012,0.503873836
11/08/2012,1.308091077
16/08/2012,0.55372742
17/08/2012,0.75390845
18/08/2012,1.027926549
20/08/2012,1.645083032
23/08/2012,1.997773451
24/08/2012,0.47470427
26/08/2012,2.108029457
27/08/2012,1.163517424
02/09/2012,0.683109989
03/09/2012,1.638813887
04/09/2012,1.606654483
05/09/2012,0.800667522
09/09/2012,0.854501149
10/09/2012,3.599918112
12/09/2012,0.174886303
14/09/2012,3.927774355
17/09/2012,2.40004776
18/09/2012,0.883834628
19/09/2012,2.370745774
20/09/2012,1.13564885
21/09/2012,1.864809915
23/09/2012,1.1584058
30/09/2012,1.907719672
03/10/2012,2.09083303
04/10/2012,1.239369227
05/10/2012,1.329686333
06/10/2012,1.198751679
07/10/2012,1.308379422
09/10/2012,0.94241633
10/10/2012,2.519153542
12/10/2012,0.935774031
14/10/2012,0.53201063
16/10/2012,0.663839524
18/10/2012,1.969935215
19/10/2012,1.901548334
20/10/2012,1.580900922
21/10/2012,1.196010381
23/10/2012,1.208875893
25/10/2012,1.223164293
26/10/2012,1.173531176
27/10/2012,0.162148765
28/10/2012,2.455719509
29/10/2012,2.028286961
30/10/2012,1.060249778
01/11/2012,0.76504038
05/11/2012,0.844968882
07/11/2012,0.583778941
08/11/2012,0.861217347
10/11/2012,0.318805632
11/11/2012,0.436742983
12/11/2012,0.773559522
13/11/2012,0.712710588
15/11/2012,0.575181378
17/11/2012,0.208344622
19/11/2012,0.503615893
22/11/2012,0.190796164
24/11/2012,0.920193769
26/11/2012,0.676837811
27/11/2012,0.831204187
28/11/2012,0.675641599
29/11/2012,0.89696538
30/11/2012,0.995187407
01/12/2012,0.924014585
03/12/2012,0.898826491
05/12/2012,1.730943361
06/12/2012,0.67282213
07/12/2012,0.392667879
08/12/2012,0.251610451
10/12/2012,1.303710368
12/12/2012,0.712403679
14/12/2012,0.732105453
16/12/2012,6.360745383
17/12/2012,1.121763036
19/12/2012,0.980470738
21/12/2012,1.020401913
22/12/2012,0.937380197
24/12/2012,0.68457084
25/12/2012,2.017087335
28/12/2012,0.945953435
29/12/2012,0.804069725
30/12/2012,0.57101283
02/01/2013,0.438450007
04/01/2013,1.295842048
06/01/2013,1.455504116
09/01/2013,1.239210145
10/01/2013,1.795676656
11/01/2013,0.572516626
13/01/2013,1.301443178
14/01/2013,1.162721117
18/01/2013,1.176266769
20/01/2013,1.360330739
22/01/2013,0.781924517
24/01/2013,0.822017861
25/01/2013,0.947327313
26/01/2013,3.9929973
27/01/2013,0.828602108
30/01/2013,1.435032658
31/01/2013,1.16204
01/02/2013,0.988854406
02/02/2013,1.04071295
03/02/2013,1.119135306
05/02/2013,0.773406315
07/02/2013,1.039915716
08/02/2013,0.991994279
09/02/2013,0.841072165
10/02/2013,0.850113845
11/02/2013,0.97250267
12/02/2013,1.434576471
14/02/2013,1.261747438
16/02/2013,1.121457787
17/02/2013,1.093571855
18/02/2013,1.050138327
19/02/2013,2.537048167
21/02/2013,0.643162684
23/02/2013,1.29387912
24/02/2013,0.41409889
25/02/2013,0.963944432
26/02/2013,1.507714121
27/02/2013,1.708273025
28/02/2013,1.494997306
02/03/2013,2.472005297
03/03/2013,2.226020044
04/03/2013,1.383511937
05/03/2013,0.698246309
07/03/2013,0.8765292
12/03/2013,1.084752267
13/03/2013,1.208212975
16/03/2013,1.39242712
19/03/2013,1.462758618
20/03/2013,0.723497051
21/03/2013,1.030643945
22/03/2013,0.80657157
23/03/2013,0.900603933
25/03/2013,2.614628881
28/03/2013,0.767937809
29/03/2013,1.082492137
30/03/2013,0.791011065
04/04/2013,0.792300514
06/04/2013,0.727375775
07/04/2013,0.585969041
08/04/2013,0.719435212
13/04/2013,0.675305297
14/04/2013,0.513530489
15/04/2013,0.28364518
16/04/2013,0.418096881
17/04/2013,0.543314605
20/04/2013,0.690624432
22/04/2013,0.718843309
23/04/2013,0.717653812
24/04/2013,0.749821583
29/04/2013,0.629809661
30/04/2013,0.2397521
01/05/2013,0.770403107
02/05/2013,0.780522198
03/05/2013,0.596943161
06/05/2013,0.722768188
08/05/2013,0.595928464
09/05/2013,0.544637335
10/05/2013,0.376699079
15/05/2013,0.676288843
16/05/2013,0.648900996
19/05/2013,0.627527909
22/05/2013,0.672558264
26/05/2013,0.996515119
31/05/2013,0.917683095
01/06/2013,0.464812848
04/06/2013,0.646798926
07/06/2013,0.439017277
08/06/2013,0.419531134
09/06/2013,0.944153019
10/06/2013,0.50623721
11/06/2013,0.539882388
16/06/2013,0.438054615
17/06/2013,0.518452612
18/06/2013,0.751843124
19/06/2013,0.524464586
20/06/2013,0.536658971
23/06/2013,0.539318393
27/06/2013,1.044322016
02/07/2013,0.323190177
03/07/2013,0.451723745
04/07/2013,0.488854394
09/07/2013,0.280728687
11/07/2013,0.87827279
13/07/2013,0.49102794
18/07/2013,0.568075434
19/07/2013,0.814033538
20/07/2013,0.806541661
21/07/2013,0.383489303
22/07/2013,0.698434968
25/07/2013,0.220461083
26/07/2013,0.121036507
27/07/2013,0.587442291
28/07/2013,0.217370164
29/07/2013,0.606798144
03/08/2013,0.130126307
05/08/2013,0.420653797
07/08/2013,0.422787412
10/08/2013,0.205744127
12/08/2013,0.44927036
13/08/2013,0.580161341
14/08/2013,0.579252328
19/08/2013,0.474123184
21/08/2013,0.280448311
22/08/2013,0.360418028
26/08/2013,0.246439246
28/08/2013,0.233663891
29/08/2013,1.104072929
30/08/2013,0.898119209
11/09/2013,0.698801791
13/09/2013,1.620283692
14/09/2013,1.568865459
20/09/2013,0.452547318
21/09/2013,0.194228091
22/09/2013,0.146695
24/09/2013,0.743794685
29/09/2013,1.30335081
30/09/2013,0.687563431
01/10/2013,0.969941731
03/10/2013,1.998677001
06/10/2013,1.484760754
07/10/2013,0.970381459
08/10/2013,1.062017528
09/10/2013,1.030322775
10/10/2013,0.981248243
12/10/2013,2.1029598
14/10/2013,0.572005617
15/10/2013,0.888651695
17/10/2013,1.011414626
19/10/2013,0.896456416
21/10/2013,1.336793261
22/10/2013,0.65157371
23/10/2013,0.55315243
24/10/2013,0.706792867
26/10/2013,0.220014062
28/10/2013,0.52032522
31/10/2013,0.584104338
02/11/2013,0.468935094
04/11/2013,0.143409859
09/11/2013,1.56179012
10/11/2013,2.252860332
11/11/2013,1.034455327
13/11/2013,1.039815938
17/11/2013,0.877789468
18/11/2013,0.913039762
20/11/2013,0.955737095
22/11/2013,0.874603895
23/11/2013,1.154503203
25/11/2013,0.201042082
26/11/2013,1.360221871
27/11/2013,0.9586769
29/11/2013,1.008658165
30/11/2013,1.155894992
02/12/2013,0.532668023
03/12/2013,1.680363521
04/12/2013,0.717163492
06/12/2013,0.720823455
08/12/2013,0.765227028
09/12/2013,0.341790853
10/12/2013,2.570773136
11/12/2013,0.974073734
12/12/2013,0.345778184
13/12/2013,0.896508357
15/12/2013,0.84576094
16/12/2013,1.515553373
17/12/2013,0.668789341
18/12/2013,0.668330419
19/12/2013,0.662810911
20/12/2013,0.156109013
22/12/2013,0.850106371
25/12/2013,0.87625388
26/12/2013,0.689974165
27/12/2013,1.187418027
28/12/2013,0.503050768
31/12/2013,0.318940638
02/01/2014,0.730672839
03/01/2014,0.888006557
05/01/2014,1.76327785
07/01/2014,0.796254181
09/01/2014,0.719806682
10/01/2014,0.636491163
11/01/2014,0.632735389
12/01/2014,0.692166713
13/01/2014,0.707493926
14/01/2014,0.682575326
16/01/2014,0.766778253
17/01/2014,0.659983427
18/01/2014,0.627062492
19/01/2014,0.559087564
20/01/2014,0.717899873
21/01/2014,0.390986171
23/01/2014,0.801286633
25/01/2014,0.762203844
26/01/2014,0.845275094
27/01/2014,0.912455189
28/01/2014,0.690221708
29/01/2014,0.852455611
30/01/2014,0.817697875
01/02/2014,0.663604208
02/02/2014,0.949831364
03/02/2014,0.702278792
04/02/2014,0.799511706
05/02/2014,0.663798954
06/02/2014,0.875909086
08/02/2014,0.850961211
10/02/2014,0.760623408
11/02/2014,0.579733498
12/02/2014,0.809655838
13/02/2014,0.746973559
14/02/2014,1.010214057
15/02/2014,0.890637048
17/02/2014,0.774179983
19/02/2014,0.269734353
21/02/2014,0.570549373
22/02/2014,0.51605086
24/02/2014,0.558359287
26/02/2014,0.322729358
27/02/2014,0.539230157
28/02/2014,0.616190709
01/03/2014,0.593991751
02/03/2014,0.430090939
03/03/2014,0.670962542
05/03/2014,0.364883397
06/03/2014,0.545302963
07/03/2014,0.705416272
08/03/2014,0.635913834
09/03/2014,0.460289458
10/03/2014,0.623983632
12/03/2014,0.712758181
14/03/2014,0.219645173
15/03/2014,0.551392131
16/03/2014,0.648022752
17/03/2014,0.775697541
18/03/2014,0.654432625
19/03/2014,0.576976346
22/03/2014,0.609558696
23/03/2014,0.315869967
24/03/2014,0.61958693
25/03/2014,0.568532587
26/03/2014,0.636597398
31/03/2014,1.445450844
01/04/2014,1.268927476
02/04/2014,1.084585828
03/04/2014,0.424926409
04/04/2014,0.957987795
07/04/2014,1.103578977
10/04/2014,1.03096754
11/04/2014,0.93546954
16/04/2014,0.510727992
17/04/2014,0.358817506
18/04/2014,0.510086356
20/04/2014,0.838437494
23/04/2014,0.906136491
25/04/2014,0.841470886
27/04/2014,0.737743531
02/05/2014,1.330666292
03/05/2014,1.143281512
04/05/2014,0.612415246
05/05/2014,1.125932659
06/05/2014,0.785083156
09/05/2014,1.197343889
11/05/2014,1.293433963
12/05/2014,1.148809264
13/05/2014,0.615628035
18/05/2014,1.912887708
19/05/2014,0.467596746
20/05/2014,0.440345855
21/05/2014,0.56652334
22/05/2014,0.701859252
25/05/2014,1.381891913
27/05/2014,0.457427213
28/05/2014,0.288396577
03/06/2014,0.468815489
04/06/2014,0.381715071
05/06/2014,0.238072559
06/06/2014,0.334098596
07/06/2014,0.277832034
10/06/2014,0.241728013
11/06/2014,0.106267894
12/06/2014,0.726441032
13/06/2014,0.891254176
14/06/2014,0.490074655
19/06/2014,0.465135909
20/06/2014,0.382944162
26/06/2014,0.163303471
27/06/2014,0.182314176
28/06/2014,0.94073693
30/06/2014,3.160988802
05/07/2014,1.091300996
06/07/2014,1.294804853
07/07/2014,0.582956603
08/07/2014,0.239707138
09/07/2014,0.677641022
12/07/2014,0.736753924
13/07/2014,0.133738649
14/07/2014,0.794938251
15/07/2014,0.282581219
16/07/2014,0.348879957
21/07/2014,0.576110532
22/07/2014,0.226581768
23/07/2014,0.754950738
24/07/2014,0.51375494
25/07/2014,0.524303344
28/07/2014,0.567076734
29/07/2014,0.302831314
30/07/2014,0.869662764
06/08/2014,1.643751448
07/08/2014,1.786924747
08/08/2014,2.723788652
09/08/2014,1.223945866
10/08/2014,1.475271869
13/08/2014,1.308268744
14/08/2014,0.18895076
15/08/2014,2.018247823
16/08/2014,1.014884322
19/08/2014,0.891439172
22/08/2014,0.466857415
24/08/2014,1.290559202
25/08/2014,2.040177106
26/08/2014,1.859446103
31/08/2014,0.761830975
08/09/2014,1.586840809
09/09/2014,1.852238246
18/09/2014,2.076779343
20/09/2014,3.909098875
23/09/2014,1.942245744
25/09/2014,1.774172547
26/09/2014,1.184006585
27/09/2014,1.166903346
04/10/2014,0.708944209
06/10/2014,1.044644939
09/10/2014,1.484469645
10/10/2014,0.251342877
11/10/2014,1.30823906
12/10/2014,0.248973433
13/10/2014,0.848384442
15/10/2014,0.811656167
16/10/2014,0.720408636
17/10/2014,0.441700247
18/10/2014,0.647264989
19/10/2014,0.15832055
20/10/2014,0.406288798
22/10/2014,0.764838487
24/10/2014,0.684868834
25/10/2014,0.901571395
26/10/2014,0.707199824
27/10/2014,0.861509144
29/10/2014,0.816014202
31/10/2014,0.851815263
01/11/2014,0.450675932
02/11/2014,0.476086796
07/11/2014,1.135427345
12/11/2014,0.978388263
13/11/2014,1.781076627
14/11/2014,1.067413109
16/11/2014,1.163622378
17/11/2014,1.153874627
19/11/2014,2.03679261
20/11/2014,0.792183534
21/11/2014,0.702069136
23/11/2014,0.889931565
25/11/2014,0.696477858
26/11/2014,1.059470102
27/11/2014,0.837133659
28/11/2014,1.837651627
29/11/2014,1.08763509
30/11/2014,0.865766146
02/12/2014,0.756156956
03/12/2014,0.818211927
04/12/2014,0.813641824
06/12/2014,1.287913286
07/12/2014,0.914351734
12/12/2014,1.018408947
14/12/2014,0.887426973
15/12/2014,2.3968436
16/12/2014,0.917941115
18/12/2014,0.889701841
19/12/2014,1.430198507
20/12/2014,0.745530726
21/12/2014,1.144838242
22/12/2014,0.999830182
23/12/2014,0.780680064
25/12/2014,0.750413091
28/12/2014,0.762388205
29/12/2014,0.972085766
30/12/2014,0.902716412
01/01/2015,0.426165386
03/01/2015,1.026124638
04/01/2015,0.949323
07/01/2015,2.658860551
08/01/2015,0.724325252
10/01/2015,1.157816396
12/01/2015,1.36650581
16/01/2015,1.741115036
17/01/2015,0.94050964
19/01/2015,0.800441311
20/01/2015,0.529238361
21/01/2015,0.535003386
22/01/2015,0.295419069
23/01/2015,0.634828384
24/01/2015,0.693177672
26/01/2015,0.91739509
28/01/2015,0.911653714
29/01/2015,0.285933016
31/01/2015,0.257157809
04/02/2015,0.967655431
06/02/2015,0.703896468
07/02/2015,0.821147706
08/02/2015,0.806933151
09/02/2015,0.659058405
11/02/2015,0.726418996
14/02/2015,0.609156644
15/02/2015,1.23650254
16/02/2015,0.809449482
17/02/2015,0.797453223
18/02/2015,0.900061102
20/02/2015,0.883727679
21/02/2015,0.449474826
22/02/2015,0.790287605
23/02/2015,0.757664499
24/02/2015,0.593028073
25/02/2015,0.465454967
27/02/2015,0.708037593
01/03/2015,1.039585364
02/03/2015,1.196915104
03/03/2015,0.597331345
06/03/2015,0.970665182
09/03/2015,0.539591017
10/03/2015,1.281696142
11/03/2015,0.776731868
12/03/2015,0.804257648
13/03/2015,0.742277073
15/03/2015,0.516020805
17/03/2015,0.488367998
18/03/2015,0.592944664
21/03/2015,1.079278259
22/03/2015,0.936279689
25/03/2015,0.548209808
26/03/2015,0.399643352
27/03/2015,0.784038111
28/03/2015,0.661096138
29/03/2015,0.595927061
03/04/2015,0.282133928
04/04/2015,0.485673382
05/04/2015,0.580640241
06/04/2015,0.414083477
07/04/2015,0.482330688
10/04/2015,0.476083869
12/04/2015,0.336285779
13/04/2015,0.305137737
14/04/2015,0.508761591
19/04/2015,0.649329905
20/04/2015,0.698701936
21/04/2015,0.437941936
22/04/2015,0.330156074
23/04/2015,0.209246778
28/04/2015,0.124318405
29/04/2015,0.542494144
30/04/2015,0.569178458
07/05/2015,0.853670685
09/05/2015,0.866182792
14/05/2015,2.67830754
16/05/2015,1.987873854
21/05/2015,1.489401413
22/05/2015,0.930089833
23/05/2015,0.934874608
24/05/2015,0.873083873
25/05/2015,0.76128811
28/05/2015,0.613512416
30/05/2015,0.166258846
31/05/2015,0.458347205
01/06/2015,0.165163703
06/06/2015,0.218017282
08/06/2015,0.774976957
09/06/2015,0.42261983
10/06/2015,0.810054034
13/06/2015,0.122427762
15/06/2015,0.285157298
16/06/2015,0.08553492
17/06/2015,0.20189871
22/06/2015,0.629364992
23/06/2015,0.650527053
24/06/2015,0.552462096
25/06/2015,0.284005081
29/06/2015,0.126264358
30/06/2015,0.111374937
01/07/2015,0.659736045
02/07/2015,0.562201643
03/07/2015,0.610212186
08/07/2015,0.294282788
09/07/2015,0.443879543
10/07/2015,0.568631589
17/07/2015,0.752422651
18/07/2015,1.717949582
19/07/2015,1.837262112
24/07/2015,0.399679005
25/07/2015,1.244427583
26/07/2015,1.242498213
27/07/2015,0.647996452
28/07/2015,0.524647512
31/07/2015,0.27559876
02/08/2015,0.69803457
03/08/2015,1.156837641
04/08/2015,1.039345883
09/08/2015,1.876719203
10/08/2015,2.108772942
11/08/2015,1.864181302
13/08/2015,1.908151725
16/08/2015,12.71607144
18/08/2015,4.80639282
19/08/2015,2.616105094
20/08/2015,2.4065118
26/08/2015,1.425167691
27/08/2015,1.382515051
29/08/2015,0.825054042
01/09/2015,1.536967449
02/09/2015,0.319780594
03/09/2015,0.1305255
04/09/2015,0.908125721
05/09/2015,1.547289633
10/09/2015,2.040595074
11/09/2015,2.108700722
12/09/2015,1.539159239
14/09/2015,1.542326835
18/09/2015,0.878844659
19/09/2015,5.182424221
20/09/2015,1.783070329
21/09/2015,2.487539986
23/09/2015,1.718854097
26/09/2015,3.694314868
27/09/2015,2.317128341
28/09/2015,2.170962198
30/09/2015,0.938674005
02/10/2015,0.510373496
06/10/2015,1.438611669
07/10/2015,1.234387001
11/10/2015,0.604633541
12/10/2015,0.187336361
13/10/2015,1.496392535
16/10/2015,2.091225697
18/10/2015,1.777541498
19/10/2015,4.756925981
21/10/2015,0.870501946
25/10/2015,1.508799152
27/10/2015,1.444098809
28/10/2015,1.76072176
31/10/2015,0.84216697
01/11/2015,1.003412551
03/11/2015,1.407432965
05/11/2015,2.491783362
06/11/2015,0.225080643
07/11/2015,1.024773095
08/11/2015,1.769445897
10/11/2015,1.362529026
12/11/2015,0.671096891
13/11/2015,0.518162498
14/11/2015,1.413384244
15/11/2015,1.507430927
17/11/2015,0.34940058
19/11/2015,1.730584319
21/11/2015,1.151526855
22/11/2015,2.256340462
23/11/2015,0.396783168
24/11/2015,2.914119036
29/11/2015,0.964597241
01/12/2015,1.16869206
03/12/2015,0.980056155
05/12/2015,1.168349093
06/12/2015,0.728165307
07/12/2015,0.223003243
14/12/2015,1.011511489
15/12/2015,1.017316577
17/12/2015,0.270236343
18/12/2015,0.61755399
19/12/2015,1.327920793
23/12/2015,0.908865807
24/12/2015,1.001584532
25/12/2015,1.066978774
26/12/2015,1.087845267
28/12/2015,1.067207558
31/12/2015,1.433909498
01/01/2016,1.07354168
03/01/2016,1.334922725
04/01/2016,1.029366788
06/01/2016,0.980851137
07/01/2016,1.032315358
08/01/2016,1.193013862
10/01/2016,1.402524894
11/01/2016,1.25300093
13/01/2016,1.193021995
15/01/2016,1.070903016
16/01/2016,1.120602646
17/01/2016,1.04454592
18/01/2016,0.973632122
19/01/2016,1.175147297
20/01/2016,0.902156489
22/01/2016,0.938928884
23/01/2016,1.133167598
24/01/2016,0.561855231
26/01/2016,0.573571031
27/01/2016,0.672619499
31/01/2016,0.746946374
01/02/2016,0.754155237
02/02/2016,0.920154095
03/02/2016,1.029017625
04/02/2016,1.250163267
05/02/2016,1.104638375
10/02/2016,1.063738888
11/02/2016,1.21837665
12/02/2016,0.566771219
14/02/2016,0.568109925
16/02/2016,0.276489099
17/02/2016,0.60668851
18/02/2016,0.522427811
19/02/2016,0.483963477
20/02/2016,0.442745655
21/02/2016,0.556390401
23/02/2016,0.504549433
24/02/2016,0.342529701
25/02/2016,0.160037452
26/02/2016,0.489426851
27/02/2016,0.207472886
28/02/2016,0.539605502
01/03/2016,0.54571861
03/03/2016,0.19312903
04/03/2016,0.391962473
05/03/2016,0.384028301
06/03/2016,0.431525669
07/03/2016,0.422669065
08/03/2016,0.188190501
10/03/2016,0.792591232
11/03/2016,0.778044096
12/03/2016,0.836402577
13/03/2016,0.590964282
14/03/2016,0.164180092
17/03/2016,0.571628569
20/03/2016,0.305195371
21/03/2016,0.525425194
22/03/2016,0.414249674
23/03/2016,0.325614491
24/03/2016,0.457134211
27/03/2016,0.302105834
31/03/2016,0.230556539
05/04/2016,0.353516658
07/04/2016,0.286907204
09/04/2016,0.233371684
14/04/2016,0.439136864
15/04/2016,0.14564669
16/04/2016,0.20502166
21/04/2016,0.379565943
22/04/2016,0.236376981
23/04/2016,0.414379303
24/04/2016,0.321862995
25/04/2016,0.23120919
28/04/2016,0.242728136
30/04/2016,0.207388576
01/05/2016,0.327679757
02/05/2016,0.397725624
09/05/2016,0.224050916
10/05/2016,0.169159091
11/05/2016,0.397949327
14/05/2016,0.347905008
17/05/2016,0.372924022
18/05/2016,0.420659736
23/05/2016,0.622494638
24/05/2016,0.279261274
25/05/2016,0.62376515
27/05/2016,0.518161608
30/05/2016,0.441391278
01/06/2016,0.568573475
02/06/2016,0.479115299
03/06/2016,0.622508793
08/06/2016,0.503391788
09/06/2016,0.335578553
10/06/2016,0.655660192
11/06/2016,0.326125718
12/06/2016,0.357928823
15/06/2016,0.447061126
16/06/2016,0.597079524
17/06/2016,0.760816416
18/06/2016,0.483352384
24/06/2016,0.574927119
25/06/2016,0.531345502
26/06/2016,1.102526093
27/06/2016,0.245255735
28/06/2016,0.421640565
01/07/2016,0.565603198
03/07/2016,0.340998521
04/07/2016,0.217115263
05/07/2016,0.976760267
10/07/2016,0.372800501
11/07/2016,0.258967725
12/07/2016,0.443670226
13/07/2016,0.339352387
14/07/2016,0.384619084
17/07/2016,0.619401532
18/07/2016,0.257812236
19/07/2016,0.457080151
20/07/2016,0.714151402
21/07/2016,0.619564277
26/07/2016,0.517393998
27/07/2016,0.158009215
29/07/2016,0.188305838
30/07/2016,0.564147749
02/08/2016,0.479278861
04/08/2016,1.043424437
05/08/2016,0.552678359
06/08/2016,0.368763324
11/08/2016,0.166763155
12/08/2016,0.89253726
13/08/2016,0.952996903
14/08/2016,0.249382949
15/08/2016,0.485265767
18/08/2016,0.172142434
19/08/2016,0.145885072
20/08/2016,0.798063436
21/08/2016,0.281372989
22/08/2016,2.202206688
27/08/2016,0.844494987
28/08/2016,1.802526093
29/08/2016,1.221077241
30/08/2016,0.287368062
31/08/2016,0.90610615
07/09/2016,0.663473248
09/09/2016,0.37248572
12/09/2016,1.042068721
13/09/2016,0.832914633
14/09/2016,1.434222966
15/09/2016,0.180049697
16/09/2016,0.801939786
19/09/2016,0.73886434
21/09/2016,0.585197234
22/09/2016,0.466744366
23/09/2016,0.497898553
25/09/2016,0.577721294
28/09/2016,0.606757847
29/09/2016,0.438725752
30/09/2016,0.238861517
01/10/2016,0.270695602
02/10/2016,0.847471393
04/10/2016,1.550227497
05/10/2016,0.771862534
06/10/2016,0.968127141
07/10/2016,0.92218255
08/10/2016,0.970915805
09/10/2016,1.0200635
11/10/2016,0.965371636
13/10/2016,0.26040023
14/10/2016,1.157523648
15/10/2016,0.821699982
16/10/2016,1.912667296
18/10/2016,1.314054044
20/10/2016,1.958678043
21/10/2016,0.262189505
23/10/2016,1.971162169
24/10/2016,1.058256699
25/10/2016,1.008746402
27/10/2016,0.802491134
29/10/2016,1.016438828
30/10/2016,0.852422162
31/10/2016,0.606013739
01/11/2016,0.699373285
02/11/2016,0.547394318
03/11/2016,0.578374397
05/11/2016,0.580605746
06/11/2016,0.210720977
07/11/2016,0.3139934
08/11/2016,0.224403008
09/11/2016,0.375852054
10/11/2016,0.282776194
15/11/2016,0.609266994
16/11/2016,0.746602539
17/11/2016,0.72462106
18/11/2016,1.521826326
19/11/2016,0.722158622
21/11/2016,0.548806317
22/11/2016,0.194280773
24/11/2016,0.180686634
25/11/2016,0.383839802
26/11/2016,0.439318554
28/11/2016,0.645074008
30/11/2016,0.805178104
01/12/2016,0.982365057
05/12/2016,1.090779716
08/12/2016,0.830030662
09/12/2016,0.580701459
10/12/2016,1.262260144
11/12/2016,0.953248506
12/12/2016,0.810765637
14/12/2016,0.920225809
16/12/2016,0.644348486
17/12/2016,1.074223666
18/12/2016,0.507324526
19/12/2016,0.853294062
21/12/2016,0.892063461
23/12/2016,0.904010219
24/12/2016,0.316027596
25/12/2016,0.734646546
27/12/2016,1.216921735
28/12/2016,1.180811185
30/12/2016,0.519851815
01/01/2017,0.612203596
02/01/2017,0.810675843
03/01/2017,1.046198585
04/01/2017,1.041388518
05/01/2017,1.92805749
06/01/2017,0.868322977
08/01/2017,0.884175496
09/01/2017,0.964613078
10/01/2017,0.841354042
11/01/2017,1.087744019
12/01/2017,1.143519099
13/01/2017,0.911998374
15/01/2017,0.871387324
19/01/2017,0.375829355
20/01/2017,1.465864027
21/01/2017,6.148723885
22/01/2017,1.320839442
24/01/2017,1.076380268
25/01/2017,0.986073061
26/01/2017,1.217441703
27/01/2017,1.147843449
28/01/2017,0.993290339
29/01/2017,1.383885124
31/01/2017,1.152235371
02/02/2017,1.262774627
03/02/2017,0.957248571
04/02/2017,1.098807423
05/02/2017,1.061580433
06/02/2017,0.740103092
07/02/2017,0.551467457
09/02/2017,0.945909136
10/02/2017,0.982142682
11/02/2017,0.774739279
12/02/2017,1.025896809
13/02/2017,0.721450223
14/02/2017,0.8937862
16/02/2017,0.642650878
18/02/2017,0.720517571
19/02/2017,0.317669201
20/02/2017,1.064741688
21/02/2017,1.006146238
22/02/2017,1.618353253
23/02/2017,0.902596127
25/02/2017,1.048708056
26/02/2017,0.738547812
27/02/2017,0.759335995
28/02/2017,0.807213483
01/03/2017,0.528915656
02/03/2017,0.756556384
04/03/2017,0.852910867
07/03/2017,1.943344818
09/03/2017,1.181877189
14/03/2017,0.536327964
15/03/2017,0.453903147
16/03/2017,1.10713535
17/03/2017,0.625119909
18/03/2017,0.975721263
23/03/2017,0.761857969
24/03/2017,1.045237691
25/03/2017,0.978637113
26/03/2017,1.005166403
27/03/2017,1.013416911
30/03/2017,0.914857519
01/04/2017,0.946896702
02/04/2017,1.037707354
03/04/2017,0.801431143
08/04/2017,0.632765987
09/04/2017,0.648815021
10/04/2017,0.642909266
11/04/2017,0.520004575
12/04/2017,0.553025065
15/04/2017,0.462115244
17/04/2017,0.611005927
18/04/2017,0.466740079
19/04/2017,0.546072475
24/04/2017,0.481409365
26/04/2017,0.617636988
27/04/2017,0.564681729
28/04/2017,0.542280581
01/05/2017,0.55331433
03/05/2017,0.617503762
04/05/2017,0.613182261
05/05/2017,0.793989248
10/05/2017,0.630702503
11/05/2017,0.51709359
12/05/2017,0.728967258
13/05/2017,1.05816234
14/05/2017,0.515941354
17/05/2017,0.732128934
18/05/2017,0.358316198
20/05/2017,0.26619605
21/05/2017,0.68993793
26/05/2017,1.320326781
27/05/2017,0.52888505
28/05/2017,1.723720799
29/05/2017,1.083115663
30/05/2017,1.377808167
02/06/2017,1.480428507
04/06/2017,1.053314656
05/06/2017,0.464604554
06/06/2017,0.596867666
11/06/2017,0.456394807
12/06/2017,0.559937297
13/06/2017,0.358864725
15/06/2017,0.478890206
18/06/2017,0.659540387
20/06/2017,0.401894815
21/06/2017,0.378062078
22/06/2017,0.750136272
27/06/2017,0.571766925
29/06/2017,0.84351473
30/06/2017,0.497156037
01/07/2017,2.006675232
04/07/2017,0.65670531
05/07/2017,0.415981235
06/07/2017,0.691990974
07/07/2017,0.482458554
08/07/2017,0.482103403
13/07/2017,0.623866158
14/07/2017,0.586495058
15/07/2017,1.167849329
16/07/2017,0.220844252
17/07/2017,0.59294653
20/07/2017,0.282188541
21/07/2017,0.209593168
22/07/2017,0.315148458
23/07/2017,0.620444483
24/07/2017,0.676195837
29/07/2017,0.128001333
30/07/2017,1.552986349
31/07/2017,0.511885575
01/08/2017,0.316669849
02/08/2017,0.131673275
05/08/2017,0.252086783
07/08/2017,0.148781583
08/08/2017,0.732787954
09/08/2017,0.789433698
14/08/2017,1.298166625
15/08/2017,0.782209247
16/08/2017,1.661206214
17/08/2017,1.730367997
18/08/2017,0.715117779
21/08/2017,0.640338754
24/08/2017,0.115478782
01/09/2017,0.122298519
02/09/2017,0.886631246
03/09/2017,0.129919993
06/09/2017,0.113062721
07/09/2017,0.182265839
08/09/2017,0.723215534
09/09/2017,0.515208798
10/09/2017,1.947056219
12/09/2017,1.684046307
15/09/2017,1.85046646
16/09/2017,0.188195119
17/09/2017,0.458939128
18/09/2017,0.408287644
19/09/2017,0.775906028
26/09/2017,1.127992918
28/09/2017,2.678555753
01/10/2017,4.193269692
02/10/2017,1.200217896
03/10/2017,1.705771329
05/10/2017,0.850603077
10/10/2017,4.668690455
11/10/2017,20.45011566
12/10/2017,1.815210241
14/10/2017,3.159390324
16/10/2017,1.714792506
17/10/2017,1.905391858
18/10/2017,1.060171504
19/10/2017,1.446900636
20/10/2017,2.882037692
21/10/2017,1.289264457
23/10/2017,1.02155509
24/10/2017,2.273639657
25/10/2017,1.251875847
26/10/2017,1.510260512
27/10/2017,0.961380823
28/10/2017,0.938658727
30/10/2017,0.606368853
01/11/2017,0.615236834
03/11/2017,0.694367227
04/11/2017,0.692542632
05/11/2017,0.385311708
06/11/2017,0.550934255
08/11/2017,0.614172228
09/11/2017,0.581221621
10/11/2017,0.573792098
11/11/2017,0.638491247
12/11/2017,0.509070723
13/11/2017,0.690242659
15/11/2017,0.658339443
17/11/2017,0.548776173
18/11/2017,0.605902128
19/11/2017,0.685399813
20/11/2017,0.738695369
22/11/2017,0.593522718
24/11/2017,0.674108239
25/11/2017,0.648198811
26/11/2017,0.662407038
27/11/2017,0.830220974
28/11/2017,0.426850875
29/11/2017,0.777422737
01/12/2017,0.742000388
03/12/2017,0.485473094
04/12/2017,3.89454115
05/12/2017,0.510527603
06/12/2017,1.283048222
07/12/2017,1.638181141
08/12/2017,0.551245357
10/12/2017,0.961250419
11/12/2017,0.29839814
12/12/2017,0.271864355
17/12/2017,0.336064693
19/12/2017,1.149363124
20/12/2017,0.376093043
21/12/2017,0.492703791
22/12/2017,1.192741269
26/12/2017,0.752798539
31/12/2017,0.641272457
02/01/2018,0.857554076
04/01/2018,0.852839597
05/01/2018,0.753100719
06/01/2018,0.847283274
07/01/2018,1.724035773
09/01/2018,0.961011579
11/01/2018,0.812066639
12/01/2018,1.076665849
13/01/2018,0.807944175
14/01/2018,1.094437641
16/01/2018,0.795991983
18/01/2018,0.714614003
20/01/2018,0.762238692
21/01/2018,0.370754521
27/01/2018,1.736732861
28/01/2018,12.04554332
29/01/2018,1.487753906
03/02/2018,1.167509458
05/02/2018,0.722834094
06/02/2018,1.095250969
07/02/2018,0.419675675
09/02/2018,0.686736192
10/02/2018,0.809915137
12/02/2018,0.934267454
14/02/2018,0.896611223
15/02/2018,0.691100359
16/02/2018,0.52973094
17/02/2018,1.06180277
21/02/2018,1.716907727
22/02/2018,0.944045975
23/02/2018,1.370249392
24/02/2018,1.33504765
25/02/2018,9.350731338
26/02/2018,2.323961408
01/03/2018,5.955786876
02/03/2018,2.299709534
03/03/2018,4.000477695
04/03/2018,1.572657184
05/03/2018,1.725527004
07/03/2018,1.498183098
09/03/2018,0.4909561
10/03/2018,0.857772398
11/03/2018,1.283137345
12/03/2018,0.812160153
13/03/2018,0.99594705
14/03/2018,1.093237152
17/03/2018,1.061141366
19/03/2018,1.218594622
20/03/2018,1.984442607
21/03/2018,1.57978656
23/03/2018,2.673124697
26/03/2018,3.074494614
27/03/2018,1.0092794
28/03/2018,1.694051273
29/03/2018,1.897642906
30/03/2018,1.749318613
02/04/2018,1.222302267
03/04/2018,0.39289622
04/04/2018,0.93145747
05/04/2018,0.957263357
06/04/2018,0.857783301
11/04/2018,1.970287023
12/04/2018,0.676287988
13/04/2018,1.356499516
14/04/2018,1.203981433
15/04/2018,0.874396671
18/04/2018,1.209310156
20/04/2018,1.641553833
21/04/2018,1.520206583
22/04/2018,1.030336972
27/04/2018,1.918540059
28/04/2018,1.287894019
29/04/2018,0.938943878
30/04/2018,1.037899933
01/05/2018,0.768724203
06/05/2018,1.277327457
07/05/2018,0.872786332
08/05/2018,0.910463633
13/05/2018,0.43313998
14/05/2018,0.486738605
15/05/2018,0.864335722
16/05/2018,0.587284172
17/05/2018,0.803565302
20/05/2018,1.038344448
21/05/2018,1.001235004
22/05/2018,1.675065058
23/05/2018,1.567902557
24/05/2018,1.549976675
29/05/2018,1.65049385
30/05/2018,0.925751477
31/05/2018,1.484667375
02/06/2018,2.144633212
05/06/2018,4.76501462
06/06/2018,1.182061661
08/06/2018,1.158241467
09/06/2018,1.476018151
14/06/2018,0.571449155
15/06/2018,0.821748726
16/06/2018,0.822857833
17/06/2018,0.952227814
18/06/2018,0.655243896
21/06/2018,0.284652908
22/06/2018,0.181195237
23/06/2018,0.707100217
24/06/2018,0.640300814
25/06/2018,0.847553461
30/06/2018,0.891043599
01/07/2018,1.06607018
02/07/2018,0.300256841
04/07/2018,0.204100395
07/07/2018,0.351853198
08/07/2018,0.212067962
09/07/2018,0.641096782
11/07/2018,0.690527274
16/07/2018,0.611515748
18/07/2018,0.698298702
19/07/2018,0.801737397
20/07/2018,0.657486135
23/07/2018,0.352944474
24/07/2018,0.176297173
25/07/2018,0.508468085
26/07/2018,0.139240157
27/07/2018,0.966561012
01/08/2018,1.116720418
02/08/2018,0.398531831
03/08/2018,0.82832676
04/08/2018,0.247264903
05/08/2018,0.477753283
09/08/2018,0.301142866
10/08/2018,1.50811233
11/08/2018,1.189364771
12/08/2018,1.181851346
17/08/2018,0.764840742
18/08/2018,1.015736075
19/08/2018,0.094611161
20/08/2018,1.615801922
21/08/2018,0.823475022
25/08/2018,0.12270619
26/08/2018,1.142558437
27/08/2018,1.331432293
28/08/2018,0.95538906
30/08/2018,1.339303145
03/09/2018,0.885892825
04/09/2018,0.879373123
05/09/2018,0.306439006
06/09/2018,1.168485879
09/09/2018,0.830343187
10/09/2018,0.20392424
11/09/2018,0.332548679
12/09/2018,0.370790374
13/09/2018,0.466263408
15/09/2018,1.461705285
18/09/2018,1.909647064
19/09/2018,1.593765636
20/09/2018,1.472930961
21/09/2018,2.780194796
22/09/2018,0.998633352
25/09/2018,4.525182475
28/09/2018,0.465699087
29/09/2018,1.206896222
01/10/2018,0.733001923
04/10/2018,4.538402013
05/10/2018,1.498764001
06/10/2018,0.451954646
08/10/2018,1.622422863
10/10/2018,2.047270878
11/10/2018,8.308463385
12/10/2018,3.35472166
13/10/2018,3.161942338
24/10/2018,0.246135561
26/10/2018,2.136878205
27/10/2018,2.321465838
28/10/2018,2.132699975
29/10/2018,2.946535051
30/10/2018,0.764682939
02/11/2018,1.620327064
05/11/2018,1.630887723
06/11/2018,1.390623417
07/11/2018,1.412370487
08/11/2018,1.575971481
09/11/2018,1.039425943
11/11/2018,0.800151251
12/11/2018,1.30592336
13/11/2018,1.123103923
14/11/2018,1.277828901
15/11/2018,1.206826634
16/11/2018,0.407382425
18/11/2018,0.98165719
20/11/2018,1.088225381
21/11/2018,1.067269806
22/11/2018,0.985236058
25/11/2018,0.399976345
29/11/2018,1.103467688
30/11/2018,1.190680831
01/12/2018,1.3432147
02/12/2018,0.878737994
04/12/2018,0.716137495
06/12/2018,0.537291199
07/12/2018,0.540602978
08/12/2018,0.677235167
09/12/2018,0.861471732
10/12/2018,1.015427866
11/12/2018,3.369706486
13/12/2018,1.085484324
14/12/2018,1.574326697
15/12/2018,0.948556782
17/12/2018,1.063100433
18/12/2018,0.501360183
20/12/2018,0.938624214
22/12/2018,0.750093115
23/12/2018,0.27066654
26/12/2018,0.836450049
27/12/2018,0.836863248
31/12/2018,1.040018594
03/01/2019,1.431835412
05/01/2019,0.852382585
07/01/2019,0.902861951
08/01/2019,0.256727838
09/01/2019,0.779827261
10/01/2019,0.490819999
12/01/2019,0.636683678
14/01/2019,1.142798946
16/01/2019,0.769154672
18/01/2019,0.366799276
19/01/2019,0.754738719
21/01/2019,0.714832354
23/01/2019,0.601000377
24/01/2019,0.684999212
25/01/2019,2.168488463
26/01/2019,0.759613808
27/01/2019,0.922338451
28/01/2019,0.790675396
30/01/2019,0.699418655
31/01/2019,4.0336392
01/02/2019,0.204544875
02/02/2019,0.774303875
03/02/2019,0.18286038
04/02/2019,0.799721408
06/02/2019,0.737307849
08/02/2019,0.734115371
10/02/2019,0.458376725
11/02/2019,0.646704522
12/02/2019,0.585063155
13/02/2019,1.063354328
15/02/2019,0.631121402
16/02/2019,0.436573487
17/02/2019,0.425348874
18/02/2019,0.469121215
19/02/2019,0.363151856
20/02/2019,0.988968834
22/02/2019,0.719544832
24/02/2019,2.892238312
25/02/2019,0.913504372
26/02/2019,1.020332962
27/02/2019,0.793578161
28/02/2019,0.971313884
01/03/2019,0.655186177
03/03/2019,0.333044708
04/03/2019,0.431414902
05/03/2019,0.505775658
06/03/2019,0.379999967
07/03/2019,0.42688456
08/03/2019,0.52568804
10/03/2019,0.990290724
13/03/2019,0.525210927
14/03/2019,0.293081804
17/03/2019,0.325638438
20/03/2019,0.396868149
21/03/2019,0.332680945
22/03/2019,0.789528384
23/03/2019,0.832904748
24/03/2019,0.780544136
29/03/2019,0.628480416
30/03/2019,0.670718863
31/03/2019,0.661499615
01/04/2019,0.653446932
02/04/2019,0.583823508
06/04/2019,0.379005487
07/04/2019,0.678921837
08/04/2019,0.762734223
09/04/2019,0.73133412
14/04/2019,0.75366876
15/04/2019,0.278632777
16/04/2019,0.892687689
17/04/2019,0.766640258
18/04/2019,0.754096946
21/04/2019,0.578418667
22/04/2019,0.276842092
25/04/2019,0.497206325
30/04/2019,0.511818289
01/05/2019,0.278417993
02/05/2019,0.497956079
03/05/2019,0.67900981
04/05/2019,0.700051782
07/05/2019,0.883300789
09/05/2019,1.15598092
10/05/2019,1.447185823
11/05/2019,1.106983425
16/05/2019,1.560425342
17/05/2019,1.200460592
18/05/2019,1.173695399
19/05/2019,1.285002017
20/05/2019,1.026250555
23/05/2019,1.502553919
25/05/2019,1.72666648
27/05/2019,0.671474915
03/06/2019,0.997727038
05/06/2019,0.735249851
10/06/2019,0.612873916
11/06/2019,0.467825776
12/06/2019,0.7094389
17/06/2019,0.608408398
18/06/2019,0.360639176
19/06/2019,0.634624555
20/06/2019,0.319999045
21/06/2019,0.479984321
24/06/2019,0.525325952
25/06/2019,0.176748878
26/06/2019,0.625134073
27/06/2019,0.530981616
28/06/2019,0.783078873
03/07/2019,0.819663922
04/07/2019,0.809439241
07/07/2019,0.580651107
10/07/2019,0.69116281
11/07/2019,0.200888495
12/07/2019,0.715305967
13/07/2019,0.569933393
14/07/2019,0.679885853
19/07/2019,0.566719877
21/07/2019,0.394061581
28/07/2019,0.589144335
29/07/2019,0.436952876
30/07/2019,0.775219232
04/08/2019,0.349444443
08/08/2019,0.191841023
11/08/2019,0.210751462
12/08/2019,0.14049328
13/08/2019,0.74500937
15/08/2019,0.804200432
20/08/2019,0.654655387
21/08/2019,0.636720546
22/08/2019,0.151006635
23/08/2019,0.624157714
24/08/2019,0.856953793
28/08/2019,0.271852134
29/08/2019,1.501219222
30/08/2019,0.088360569
31/08/2019,0.822767967
05/09/2019,2.694511033
06/09/2019,0.168383843
07/09/2019,0.200828795
09/09/2019,1.034561467
12/09/2019,0.211188915
13/09/2019,0.168873806
14/09/2019,4.832596699
16/09/2019,1.532228703
21/09/2019,0.598330994
22/09/2019,0.333946018
23/09/2019,0.678386423
24/09/2019,0.433879707
25/09/2019,0.776238086
01/10/2019,1.364169829
02/10/2019,1.152007481
04/10/2019,0.941292719
07/10/2019,1.970622504
08/10/2019,1.016248015
09/10/2019,1.063832939
10/10/2019,1.2444704
11/10/2019,1.499662232
14/10/2019,0.762411029
15/10/2019,1.396847081
16/10/2019,1.388866287
22/10/2019,1.55445848
23/10/2019,2.703406759
24/10/2019,2.292806428
25/10/2019,2.790337328
26/10/2019,2.848147484
27/10/2019,2.179256925
29/10/2019,2.11891488
30/10/2019,2.478419155
31/10/2019,0.886643054
01/11/2019,5.362887137
02/11/2019,0.755902653
03/11/2019,1.079651062
05/11/2019,2.11567915
07/11/2019,0.346961485
08/11/2019,0.308435399
09/11/2019,0.780040296
10/11/2019,1.083363173
12/11/2019,1.896696636
14/11/2019,1.029892849
15/11/2019,1.850615428
19/11/2019,0.871542199
21/11/2019,0.333336145
23/11/2019,1.168924551
24/11/2019,1.183321056
25/11/2019,0.422282907
28/11/2019,0.316188873
30/11/2019,0.803962169
01/12/2019,0.25520415
02/12/2019,0.968072631
03/12/2019,1.108213596
04/12/2019,1.006374644
05/12/2019,0.777152339
07/12/2019,0.707929681
09/12/2019,0.452367534
10/12/2019,0.254785877
11/12/2019,0.561339348
12/12/2019,0.986331231
13/12/2019,0.955312546
14/12/2019,0.722396058
16/12/2019,0.386823963
17/12/2019,1.791909291
18/12/2019,0.368685902
21/12/2019,0.912305152
23/12/2019,1.104814433
25/12/2019,1.141769757
26/12/2019,0.369126162
27/12/2019,1.076275741
29/12/2019,0.484805467
02/01/2020,1.452407929
03/01/2020,1.358372616
04/01/2020,2.826968065
05/01/2020,1.638501383
06/01/2020,2.157260424
08/01/2020,0.480152309
11/01/2020,0.821108922
12/01/2020,0.364939923
13/01/2020,0.857940349
18/01/2020,0.723607582
19/01/2020,0.765343948
20/01/2020,0.845829688
21/01/2020,0.800995009
22/01/2020,0.537809142
24/01/2020,0.710815958
26/01/2020,0.659554022
27/01/2020,0.722453458
28/01/2020,0.710183257
29/01/2020,0.849793691
03/02/2020,0.723950146
06/02/2020,1.058714892
07/02/2020,1.222408449
09/02/2020,0.709009826
11/02/2020,0.585869894
12/02/2020,1.061232517
13/02/2020,1.238040443
14/02/2020,1.206563307
16/02/2020,0.956987475
18/02/2020,0.816044886
19/02/2020,0.650703383
20/02/2020,0.630612454
21/02/2020,0.806144654
22/02/2020,0.656837086
23/02/2020,0.693685694
25/02/2020,0.662044954
27/02/2020,0.682559456
28/02/2020,0.674432754
29/02/2020,0.582453473
01/03/2020,0.589425193
02/03/2020,0.474460248
03/03/2020,2.749544933
10/03/2020,0.44610989
12/03/2020,0.466239044
15/03/2020,0.579473746
16/03/2020,0.619009285
17/03/2020,0.647240662
18/03/2020,0.44539546
19/03/2020,0.645597386
22/03/2020,1.058431407
23/03/2020,0.912592164
24/03/2020,1.21188404
25/03/2020,0.792857702
26/03/2020,0.770862921
31/03/2020,1.006055158
01/04/2020,0.704766359
02/04/2020,0.900274816
03/04/2020,0.759597993
04/04/2020,0.308207789
07/04/2020,0.5591958
09/04/2020,0.70363679
10/04/2020,0.399224148
11/04/2020,0.584626215
16/04/2020,1.336264772
17/04/2020,1.350230634
18/04/2020,1.428643119
19/04/2020,1.534386019
20/04/2020,1.198801247
23/04/2020,1.296236533
25/04/2020,1.250713028
26/04/2020,1.147130644
27/04/2020,0.606376667
02/05/2020,1.528816242
04/05/2020,0.570483293
05/05/2020,0.50142209
06/05/2020,0.634677118
09/05/2020,0.926923989
11/05/2020,1.033849618
12/05/2020,1.000434321
13/05/2020,0.91615915
18/05/2020,0.862026052
19/05/2020,0.344588738
20/05/2020,0.884531173
21/05/2020,1.347076484
22/05/2020,0.825563233
25/05/2020,0.608554131
27/05/2020,0.737853166
28/05/2020,0.621774266
29/05/2020,0.403651327
03/06/2020,0.609238834
04/06/2020,0.272773759
05/06/2020,0.33818584
07/06/2020,0.219406214
12/06/2020,0.798386429
13/06/2020,0.650517616
14/06/2020,0.811362797
19/06/2020,1.447571625
20/06/2020,0.832469376
21/06/2020,1.059163456
22/06/2020,0.891361207
23/06/2020,0.755249618
27/06/2020,0.3910563
28/06/2020,1.179244912
29/06/2020,0.475723689
30/06/2020,0.56283143
05/07/2020,0.622281657
06/07/2020,0.540964269
09/07/2020,0.738624306
12/07/2020,0.169589021
13/07/2020,0.175463906
14/07/2020,0.350079626
15/07/2020,0.842629439
16/07/2020,0.700718915
21/07/2020,0.629021669
22/07/2020,0.611006384
23/07/2020,0.141282534
24/07/2020,0.511084589
25/07/2020,0.919837949
29/07/2020,0.191123996
30/07/2020,0.192397434
01/08/2020,1.802548439
06/08/2020,0.416934138
07/08/2020,0.475557754
08/08/2020,1.551242114
09/08/2020,0.598918274
10/08/2020,0.381872713
13/08/2020,1.894048608
14/08/2020,0.374535021
15/08/2020,1.513497646
01/09/2020,1.315821879
02/09/2020,1.156283304
04/09/2020,8.158856144
07/09/2020,1.107809335
08/09/2020,0.128046623
09/09/2020,1.34295915
10/09/2020,0.268296711
11/09/2020,0.889253116
14/09/2020,1.348802178
18/09/2020,1.006941466
20/09/2020,1.296728257
24/09/2020,2.37719928
25/09/2020,1.976613395
27/09/2020,1.046810878
29/09/2020,0.31081345
30/09/2020,1.929214257
01/10/2020,1.582238889
02/10/2020,1.333757037
03/10/2020,2.002009468
04/10/2020,1.182025104
06/10/2020,1.097088497
08/10/2020,0.678810772
09/10/2020,0.869350116
10/10/2020,0.407630743
11/10/2020,0.359086649
13/10/2020,0.813655075
15/10/2020,2.469223873
16/10/2020,0.230955259
17/10/2020,0.207788916
19/10/2020,0.861061026
20/10/2020,0.772898725
22/10/2020,0.845783292
25/10/2020,0.575911551
26/10/2020,0.431846405
27/10/2020,0.482525768
28/10/2020,0.21730195
29/10/2020,0.768942605
31/10/2020,0.547907447
01/11/2020,0.600800149
02/11/2020,0.741971515
03/11/2020,0.825362337
04/11/2020,0.460843228
05/11/2020,0.631672628
07/11/2020,0.490726657
09/11/2020,0.48543082
10/11/2020,0.508015955
12/11/2020,1.014544325
13/11/2020,1.310232108
14/11/2020,1.290442123
16/11/2020,1.154279612
17/11/2020,3.834708468
18/11/2020,1.017571088
19/11/2020,1.173923442
20/11/2020,1.092018522
21/11/2020,0.941571742
23/11/2020,0.807171459
25/11/2020,0.754989923
26/11/2020,0.271245037
27/11/2020,0.846492628
28/11/2020,1.109232721
29/11/2020,2.081795117
30/11/2020,1.028662743
02/12/2020,0.772122536
03/12/2020,0.869576449
04/12/2020,0.208527778
06/12/2020,0.962383404
07/12/2020,0.394180191
09/12/2020,0.576838272
11/12/2020,0.956625021
12/12/2020,0.517158138
13/12/2020,8.971977578
14/12/2020,0.993891869
15/12/2020,1.916405646
16/12/2020,0.944154678
18/12/2020,0.91405518
19/12/2020,0.572315184
20/12/2020,1.459621655
22/12/2020,2.073267686
23/12/2020,0.987050724
25/12/2020,1.413963671
27/12/2020,1.175892959
28/12/2020,1.441117162
29/12/2020,1.252719097
30/12/2020,0.76447827
31/12/2020,6.836024699
01/01/2021,2.338320847
03/01/2021,3.354190954
04/01/2021,6.489945368
05/01/2021,2.583598873
07/01/2021,0.869749636
08/01/2021,1.647952471
10/01/2021,1.281904187
13/01/2021,1.25702375
14/01/2021,1.524279478
15/01/2021,1.399696539
16/01/2021,0.964047539
17/01/2021,1.661487805
21/01/2021,2.040035959
22/01/2021,1.935356772
23/01/2021,3.953796436
24/01/2021,2.751759756
26/01/2021,4.696614163
28/01/2021,4.049040359
30/01/2021,6.605393988
31/01/2021,9.250865366
02/02/2021,6.721564037
04/02/2021,4.227412902
05/02/2021,7.715234118
06/02/2021,2.960975721
07/02/2021,4.244329597
08/02/2021,7.196854436
09/02/2021,3.984457588
11/02/2021,2.682557684
13/02/2021,3.70515785
14/02/2021,6.982040861
15/02/2021,4.570191571
16/02/2021,3.739983863
17/02/2021,2.007833767
18/02/2021,2.865677999
20/02/2021,2.102534236
21/02/2021,3.38677458
22/02/2021,2.163451725
23/02/2021,9.895353756
24/02/2021,2.666515034
25/02/2021,3.566338952
27/02/2021,2.605330191
01/03/2021,17.52505239
02/03/2021,3.173692468
03/03/2021,1.458603854
04/03/2021,2.253047034
05/03/2021,6.615898204
06/03/2021,2.750902754
09/03/2021,3.37708345
10/03/2021,1.31825974
11/03/2021,2.019677425
12/03/2021,1.468490596
13/03/2021,2.22831654
15/03/2021,6.741582845
18/03/2021,6.498083729
19/03/2021,2.932850882
20/03/2021,2.5281728
21/03/2021,2.984916786
22/03/2021,1.807798194
25/03/2021,3.489514368
26/03/2021,1.1610088
27/03/2021,2.010581814
28/03/2021,1.866538122
29/03/2021,1.288707309
04/04/2021,0.733554372
05/04/2021,0.917593053
06/04/2021,0.707902865
07/04/2021,0.890320722
10/04/2021,1.129651234
11/04/2021,0.506933698
12/04/2021,0.923932713
13/04/2021,0.797716166
14/04/2021,0.652116477
19/04/2021,0.444768867
20/04/2021,0.58530251
21/04/2021,0.233492175
22/04/2021,0.269760452
23/04/2021,0.61202583
28/04/2021,0.916462694
29/04/2021,0.839023933
30/04/2021,0.931643039
05/05/2021,1.314126883
06/05/2021,0.224209673
07/05/2021,0.333439179
12/05/2021,0.698282502
14/05/2021,0.733736461
15/05/2021,0.457442908
16/05/2021,0.528847983
21/05/2021,0.480875399
22/05/2021,0.475316018
23/05/2021,0.838698693
24/05/2021,0.487015884
25/05/2021,0.514135502
28/05/2021,0.440632472
29/05/2021,0.236266776
30/05/2021,0.498988065
06/06/2021,0.588181455
07/06/2021,0.50921728
08/06/2021,0.580082819
10/06/2021,0.429104343
14/06/2021,0.246042469
15/06/2021,0.193228598
16/06/2021,0.499043622
17/06/2021,0.706626227
24/06/2021,0.154257112
25/06/2021,0.625889737
26/06/2021,0.477153292
30/06/2021,0.612670004
01/07/2021,0.788285927
03/07/2021,1.075658648
08/07/2021,0.896829352
09/07/2021,0.909219734
10/07/2021,0.331872375
11/07/2021,1.167133934
12/07/2021,0.937416494
15/07/2021,1.400164169
16/07/2021,0.226294568
17/07/2021,0.514416879
18/07/2021,1.086158718
19/07/2021,0.617902163
24/07/2021,0.204237053
25/07/2021,0.174387222
26/07/2021,0.142872441
27/07/2021,0.312888626
28/07/2021,0.76955142
31/07/2021,2.26368217
01/08/2021,0.155430616
02/08/2021,1.195697893
03/08/2021,0.211343456
04/08/2021,0.147760021
09/08/2021,0.965676921
10/08/2021,0.208201822
11/08/2021,1.184987001
12/08/2021,1.20706643
13/08/2021,1.036183162
16/08/2021,0.903376469
18/08/2021,2.33368911
19/08/2021,0.108511374
20/08/2021,1.517586062
27/08/2021,2.020800933
01/09/2021,0.943020197
02/09/2021,0.163666387
03/09/2021,3.046401875
04/09/2021,1.346618766
05/09/2021,1.351824742
10/09/2021,1.471562178
12/09/2021,1.677140462
17/09/2021,0.724392344
18/09/2021,0.27884436
20/09/2021,1.65824678
21/09/2021,1.571113759
23/09/2021,1.339579606
26/09/2021,0.22200916
27/09/2021,0.242248302
28/09/2021,1.565619603
29/09/2021,1.241424387
30/09/2021,1.148156087
03/10/2021,2.399550139
05/10/2021,1.454725043
06/10/2021,1.743431368
07/10/2021,1.640290041
09/10/2021,1.495275364
14/10/2021,1.654745979
15/10/2021,2.496499979
16/10/2021,1.836480375
18/10/2021,4.245716476
19/10/2021,6.871804052
20/10/2021,2.682898097
21/10/2021,8.128282958
22/10/2021,1.239674912
23/10/2021,3.315120102
25/10/2021,1.32136626
27/10/2021,5.705972839
28/10/2021,2.762816138
29/10/2021,1.991740069
30/10/2021,4.345857142
31/10/2021,3.005450802
01/11/2021,5.649722035
03/11/2021,1.953558283
04/11/2021,3.754211458
05/11/2021,2.264731504
06/11/2021,5.234371186
07/11/2021,1.096168815
08/11/2021,0.707166318
10/11/2021,0.660290864
12/11/2021,0.615748667
13/11/2021,0.846587699
14/11/2021,0.563152606
15/11/2021,0.736854138
17/11/2021,0.813124865
19/11/2021,0.928246594
20/11/2021,1.06734218
21/11/2021,0.884180399
22/11/2021,0.575564143
23/11/2021,0.280406035
24/11/2021,0.499070103
28/11/2021,0.658693349
29/11/2021,1.467524465
30/11/2021,1.94954877
01/12/2021,1.886613203
03/12/2021,0.944227954
05/12/2021,0.396044577
06/12/2021,0.354592187
07/12/2021,0.761625797
08/12/2021,0.840192793
09/12/2021,1.887935792
10/12/2021,1.449542017
12/12/2021,0.887243148
14/12/2021,0.974131043
15/12/2021,1.122762694
16/12/2021,2.126183514
17/12/2021,1.276386788
19/12/2021,0.27780169
21/12/2021,1.212494834
22/12/2021,2.068730616
23/12/2021,1.210277761
24/12/2021,2.210058098
25/12/2021,1.553542089
28/12/2021,0.978209173
30/12/2021,1.053680483
31/12/2021,1.336664725
01/01/2022,0.839123833
02/01/2022,0.990825765
03/01/2022,2.582802509
04/01/2022,1.045328727
06/01/2022,0.866986215
07/01/2022,0.85986244
08/01/2022,0.204533823
11/01/2022,0.716315868
13/01/2022,1.45022986
15/01/2022,0.769445729
17/01/2022,0.716308954
18/01/2022,0.377834454
22/01/2022,1.040666365
25/01/2022,1.307349571
26/01/2022,0.8409689
27/01/2022,1.138278475
29/01/2022,1.363299311
31/01/2022,1.286626828
01/02/2022,1.205112997
02/02/2022,1.169203523
03/02/2022,0.298139883
04/02/2022,3.055093607
05/02/2022,2.901341375
07/02/2022,1.681501701
08/02/2022,1.951735225
09/02/2022,1.46670441
10/02/2022,1.287941722
11/02/2022,1.323269655
12/02/2022,1.127321389
14/02/2022,1.179062309
16/02/2022,1.091226536
17/02/2022,1.011715406
18/02/2022,1.251267553
19/02/2022,1.387601748
20/02/2022,2.219740751
21/02/2022,1.145831162
23/02/2022,1.381138297
24/02/2022,2.636006634
25/02/2022,1.202294857
26/02/2022,1.760189503
27/02/2022,1.126203062
28/02/2022,1.998476828
02/03/2022,1.525753869
05/03/2022,1.308589674
06/03/2022,1.433305996
07/03/2022,1.315239742
08/03/2022,19.86074796
09/03/2022,1.700655501
12/03/2022,2.504754001
13/03/2022,2.093752864
14/03/2022,1.74164101
15/03/2022,1.64634893
16/03/2022,1.242881582
19/03/2022,0.799275
20/03/2022,0.957740635
21/03/2022,1.494731014
22/03/2022,3.483817429
23/03/2022,1.864759327
25/03/2022,1.552421793
28/03/2022,1.399926772
29/03/2022,2.469831563
30/03/2022,1.72156026
17/04/2022,0.852150751
20/04/2022,1.262655189
22/04/2022,1.268892147
23/04/2022,1.434684309
24/04/2022,1.098183626
29/04/2022,1.271261917
30/04/2022,1.066254963
01/05/2022,1.320053992
02/05/2022,3.182643293
03/05/2022,1.18675993
06/05/2022,2.424506817
07/05/2022,0.290485457
08/05/2022,1.438157684
09/05/2022,0.717890959
10/05/2022,0.752742741
15/05/2022,1.827787296
16/05/2022,0.680713235
17/05/2022,0.721756711
22/05/2022,1.550076268
23/05/2022,1.07938589
24/05/2022,1.455876347
25/05/2022,1.3107218
26/05/2022,1.378101727
29/05/2022,1.032414118
31/05/2022,0.877696335
01/06/2022,0.598036568
02/06/2022,0.832823708
07/06/2022,1.2078057
08/06/2022,0.737355305
09/06/2022,0.93547525
11/06/2022,2.385403955
14/06/2022,0.685876332
16/06/2022,0.518330861
17/06/2022,0.818778838
18/06/2022,0.828290105
23/06/2022,0.547844505
30/06/2022,1.150234148
01/07/2022,0.908425068
02/07/2022,0.714127089
03/07/2022,0.424610569
04/07/2022,0.335602648
07/07/2022,0.929018878
08/07/2022,0.359613186
09/07/2022,0.777459425
10/07/2022,0.588868201
11/07/2022,1.06515291
14/07/2022,0.22033813
16/07/2022,0.997591035
18/07/2022,1.03222243
23/07/2022,0.305843153
24/07/2022,0.649460971
25/07/2022,0.38631587
27/07/2022,0.367882835
30/07/2022,0.976121468
01/08/2022,1.365774866
02/08/2022,1.915247261
03/08/2022,1.058613568
10/08/2022,0.152952547
12/08/2022,4.539214493
17/08/2022,1.530015824
19/08/2022,1.821679753
22/08/2022,6.398462941
23/08/2022,0.689307316
24/08/2022,2.068848236
25/08/2022,1.11561728
26/08/2022,1.292732492
31/08/2022,6.438078236
01/09/2022,7.46209108
02/09/2022,3.433394415
04/09/2022,3.871658731
09/09/2022,1.889429147
10/09/2022,2.122385235
11/09/2022,2.791109394
14/09/2022,3.336910719
16/09/2022,3.900318479
17/09/2022,2.751982506
18/09/2022,2.835579848
22/09/2022,0.78265417
23/09/2022,2.153128693
24/09/2022,0.792907652
25/09/2022,1.07646233
27/09/2022,1.879749419
29/09/2022,0.368937336
30/09/2022,3.421864402
04/10/2022,0.795709303
07/10/2022,2.402166288
08/10/2022,0.566891822
09/10/2022,1.627184647
10/10/2022,1.544330362
11/10/2022,1.244464037
13/10/2022,1.614488811
14/10/2022,0.266851522
16/10/2022,0.535021669
17/10/2022,0.662769326
18/10/2022,2.824035078
20/10/2022,0.959664947
24/10/2022,1.227903667
25/10/2022,1.627898214
27/10/2022,1.501062616
29/10/2022,1.164270627
30/10/2022,1.13206381
31/10/2022,1.191370621
01/11/2022,0.995379057
02/11/2022,2.734450329
03/11/2022,1.20918793
05/11/2022,1.392790151
06/11/2022,1.977856506
07/11/2022,1.505406781
08/11/2022,2.245634619
09/11/2022,1.041338785
10/11/2022,0.825757064
12/11/2022,0.905919669
13/11/2022,0.268090145
14/11/2022,0.987878646
15/11/2022,1.197437118
16/11/2022,1.231926888
17/11/2022,1.39393381
19/11/2022,1.48201719
21/11/2022,1.247131375
22/11/2022,2.949427866
23/11/2022,1.820671461
24/11/2022,1.956727572
25/11/2022,12.31336342
26/11/2022,1.537818203
28/11/2022,0.993273756
29/11/2022,1.858786859
30/11/2022,0.95394769
01/01/2023,1.684036563
02/01/2023,1.075498843
04/01/2023,1.089323515
05/01/2023,1.619277054
06/01/2023,0.952781347
07/01/2023,1.184399843
08/01/2023,3.248256845
09/01/2023,1.210377834
11/01/2023,1.208006224
12/01/2023,1.078689408
13/01/2023,0.787095393
14/01/2023,2.539969423
15/01/2023,1.127844012
16/01/2023,1.012231811
18/01/2023,1.178629152
20/01/2023,1.000492209
21/01/2023,1.180527581
22/01/2023,1.083732743
23/01/2023,0.82742354
25/01/2023,1.279644432
27/01/2023,1.171758413
29/01/2023,1.252525904
30/01/2023,1.211083298
31/01/2023,21.15478623
01/02/2023,1.299037505
03/02/2023,3.389646008
04/02/2023,3.017208434
05/02/2023,1.40963519
06/02/2023,2.43323713
07/02/2023,3.090645936
08/02/2023,1.443546634
10/02/2023,1.486156717
11/02/2023,5.783043063
12/02/2023,0.704255961
13/02/2023,2.206801258
14/02/2023,1.938729224
15/02/2023,1.328810976
17/02/2023,1.658852078
18/02/2023,4.884924358
19/02/2023,0.73027349
20/02/2023,2.062218847
21/02/2023,1.743710477
22/02/2023,1.274537974
24/02/2023,2.23263145
26/02/2023,2.052182471
27/02/2023,3.646340269
28/02/2023,0.854667354
01/03/2023,1.913216043
03/03/2023,2.795905822
05/03/2023,0.947018013
06/03/2023,2.831325812
07/03/2023,3.857916674
08/03/2023,1.457267803
10/03/2023,1.770258893
12/03/2023,0.521038543
13/03/2023,0.956217424
14/03/2023,1.029883609
15/03/2023,0.819800103
17/03/2023,1.08411885
20/03/2023,0.79509522
21/03/2023,1.470017313
22/03/2023,0.975222477
27/03/2023,1.976922446
28/03/2023,2.692810958
29/03/2023,0.520407978
31/03/2023,3.014308232
03/04/2023,1.169675495
04/04/2023,0.489254137
05/04/2023,0.847099855
07/04/2023,1.395796523
10/04/2023,1.044248962
11/04/2023,1.068093117
12/04/2023,1.187755141
14/04/2023,0.947818186
17/04/2023,0.946406928
18/04/2023,1.476411768
19/04/2023,0.532396883
21/04/2023,0.762722831
24/04/2023,0.46964534
25/04/2023,1.124817495
28/04/2023,1.656492479
01/05/2023,1.607444511
02/05/2023,3.074242297
03/05/2023,0.736551046
08/05/2023,0.961415424
09/05/2023,0.765632129
10/05/2023,0.796108358
12/05/2023,1.686460079
15/05/2023,0.809269722
16/05/2023,0.324725426
17/05/2023,0.847139318
22/05/2023,0.726415153
23/05/2023,0.959154922
24/05/2023,0.57951571
29/05/2023,0.638052437
30/05/2023,0.779943566
31/05/2023,0.578999709
05/06/2023,0.573918822
06/06/2023,0.424939887
07/06/2023,0.532239295
12/06/2023,0.438225627
13/06/2023,0.200487386
14/06/2023,0.350580939
17/06/2023,0.347858238
19/06/2023,0.32124391
20/06/2023,0.14015282
21/06/2023,0.212824553
24/06/2023,0.209030274
26/06/2023,0.410682747
27/06/2023,0.357024906
28/06/2023,0.384477926
02/07/2023,0.219054535
04/07/2023,0.514360961
05/07/2023,0.636173378
08/07/2023,0.388657486
09/07/2023,0.138666111
10/07/2023,0.380671731
11/07/2023,0.462862658
12/07/2023,0.604230798
15/07/2023,0.510600934
16/07/2023,0.112279842
17/07/2023,0.475816688
18/07/2023,0.819056
19/07/2023,0.343968359
22/07/2023,0.140871052
23/07/2023,0.079418969
24/07/2023,0.351406823
26/07/2023,0.096485621
29/07/2023,0.38099035
30/07/2023,0.369178461
31/07/2023,0.207539015
02/08/2023,0.192209043
05/08/2023,0.145264677
06/08/2023,0.583313194
07/08/2023,0.214661062
12/08/2023,0.07612451
13/08/2023,0.066643625
14/08/2023,0.446111653
19/08/2023,0.16949785
24/08/2023,0.125724915
26/08/2023,0.85046657
27/08/2023,0.15293908
28/08/2023,0.200770407
31/08/2023,3.471877928
02/09/2023,1.141633549
04/09/2023,0.288098247
09/09/2023,1.190921116
10/09/2023,1.412598882
11/09/2023,0.981296128
14/09/2023,2.967344366
15/09/2023,0.433578673
16/09/2023,0.978979103
18/09/2023,1.243318062
21/09/2023,1.016409131
22/09/2023,0.11036848
23/09/2023,0.479661173
28/09/2023,0.571583045
30/09/2023,0.198143128
